customer_id,customer_type
C00001,returning
C00002,new
C00003,new
C00004,new
C00005,returning
C00006,returning
C00007,returning
C00008,new
C00009,returning
C00010,new
C00011,new
C00012,returning
C00013,new
C00014,new
C00015,returning
C00016,returning
C00017,new
C00018,returning
C00019,returning
C00020,new
C00021,returning
C00022,returning
C00023,new
C00024,new
C00025,returning
C00026,new
C00027,new
C00028,new
C00029,returning
C00030,returning
C00031,returning
C00032,returning
C00033,returning
C00034,returning
C00035,returning
C00036,returning
C00037,returning
C00038,returning
C00039,returning
C00040,returning
C00041,returning
C00042,new
C00043,new
C00044,new
C00045,new
C00046,new
C00047,new
C00048,new
C00049,returning
C00050,returning
C00051,returning
C00052,new
C00053,new
C00054,returning
C00055,returning
C00056,returning
C00057,new
C00058,returning
C00059,new
C00060,returning
C00061,returning
C00062,returning
C00063,returning
C00064,returning
C00065,returning
C00066,returning
C00067,new
C00068,new
C00069,new
C00070,new
C00071,new
C00072,returning
C00073,returning
C00074,new
C00075,returning
C00076,returning
C00077,returning
C00078,returning
C00079,new
C00080,new
C00081,returning
C00082,new
C00083,returning
C00084,returning
C00085,returning
C00086,new
C00087,returning
C00088,returning
C00089,new
C00090,new
C00091,new
C00092,returning
C00093,returning
C00094,returning
C00095,new
C00096,returning
C00097,returning
C00098,returning
C00099,returning
C00100,returning
C00101,new
C00102,returning
C00103,returning
C00104,returning
C00105,new
C00106,returning
C00107,new
C00108,returning
C00109,returning
C00110,returning
C00111,returning
C00112,new
C00113,returning
C00114,new
C00115,returning
C00116,returning
C00117,new
C00118,returning
C00119,returning
C00120,new
C00121,returning
C00122,returning
C00123,returning
C00124,returning
C00125,new
C00126,new
C00127,new
C00128,returning
C00129,returning
C00130,returning
C00131,new
C00132,new
C00133,returning
C00134,returning
C00135,new
C00136,returning
C00137,new
C00138,returning
C00139,returning
C00140,new
C00141,returning
C00142,returning
C00143,new
C00144,returning
C00145,returning
C00146,new
C00147,returning
C00148,returning
C00149,new
C00150,new
C00151,returning
C00152,returning
C00153,returning
C00154,returning
C00155,new
C00156,new
C00157,new
C00158,returning
C00159,new
C00160,new
C00161,new
C00162,returning
C00163,new
C00164,returning
C00165,returning
C00166,new
C00167,new
C00168,returning
C00169,new
C00170,new
C00171,returning
C00172,returning
C00173,returning
C00174,returning
C00175,returning
C00176,new
C00177,new
C00178,returning
C00179,returning
C00180,returning
C00181,returning
C00182,returning
C00183,returning
C00184,new
C00185,returning
C00186,new
C00187,returning
C00188,new
C00189,new
C00190,returning
C00191,returning
C00192,new
C00193,new
C00194,returning
C00195,returning
C00196,returning
C00197,returning
C00198,new
C00199,returning
C00200,returning
C00201,returning
C00202,returning
C00203,returning
C00204,new
C00205,returning
C00206,new
C00207,returning
C00208,new
C00209,returning
C00210,returning
C00211,new
C00212,returning
C00213,returning
C00214,returning
C00215,returning
C00216,returning
C00217,returning
C00218,returning
C00219,new
C00220,new
C00221,returning
C00222,returning
C00223,returning
C00224,returning
C00225,new
C00226,returning
C00227,returning
C00228,returning
C00229,new
C00230,returning
C00231,new
C00232,new
C00233,returning
C00234,returning
C00235,new
C00236,new
C00237,returning
C00238,new
C00239,returning
C00240,returning
C00241,returning
C00242,returning
C00243,returning
C00244,returning
C00245,new
C00246,returning
C00247,new
C00248,returning
C00249,returning
C00250,new
C00251,new
C00252,returning
C00253,new
C00254,returning
C00255,returning
C00256,returning
C00257,new
C00258,new
C00259,new
C00260,returning
C00261,returning
C00262,returning
C00263,returning
C00264,new
C00265,returning
C00266,returning
C00267,returning
C00268,returning
C00269,returning
C00270,new
C00271,returning
C00272,new
C00273,returning
C00274,returning
C00275,new
C00276,new
C00277,new
C00278,returning
C00279,new
C00280,returning
C00281,returning
C00282,new
C00283,returning
C00284,new
C00285,returning
C00286,returning
C00287,returning
C00288,new
C00289,returning
C00290,new
C00291,new
C00292,returning
C00293,returning
C00294,new
C00295,returning
C00296,returning
C00297,returning
C00298,new
C00299,new
C00300,returning
C00301,returning
C00302,returning
C00303,returning
C00304,returning
C00305,new
C00306,new
C00307,new
C00308,returning
C00309,returning
C00310,returning
C00311,returning
C00312,new
C00313,new
C00314,new
C00315,returning
C00316,returning
C00317,returning
C00318,returning
C00319,new
C00320,returning
C00321,returning
C00322,returning
C00323,returning
C00324,returning
C00325,new
C00326,returning
C00327,new
C00328,returning
C00329,returning
C00330,returning
C00331,returning
C00332,new
C00333,returning
C00334,new
C00335,returning
C00336,returning
C00337,new
C00338,returning
C00339,returning
C00340,new
C00341,returning
C00342,new
C00343,new
C00344,new
C00345,new
C00346,returning
C00347,returning
C00348,new
C00349,returning
C00350,returning
C00351,returning
C00352,returning
C00353,returning
C00354,new
C00355,returning
C00356,new
C00357,returning
C00358,new
C00359,new
C00360,returning
C00361,returning
C00362,new
C00363,returning
C00364,returning
C00365,returning
C00366,returning
C00367,new
C00368,returning
C00369,new
C00370,returning
C00371,returning
C00372,returning
C00373,returning
C00374,returning
C00375,returning
C00376,new
C00377,returning
C00378,new
C00379,new
C00380,returning
C00381,returning
C00382,new
C00383,new
C00384,returning
C00385,returning
C00386,new
C00387,new
C00388,returning
C00389,returning
C00390,returning
C00391,returning
C00392,returning
C00393,new
C00394,returning
C00395,new
C00396,new
C00397,returning
C00398,returning
C00399,returning
C00400,returning
C00401,returning
C00402,new
C00403,returning
C00404,returning
C00405,returning
C00406,new
C00407,new
C00408,returning
C00409,returning
C00410,new
C00411,returning
C00412,returning
C00413,returning
C00414,new
C00415,new
C00416,new
C00417,new
C00418,returning
C00419,returning
C00420,new
C00421,returning
C00422,returning
C00423,new
C00424,returning
C00425,returning
C00426,new
C00427,returning
C00428,new
C00429,returning
C00430,returning
C00431,new
C00432,returning
C00433,new
C00434,returning
C00435,returning
C00436,new
C00437,new
C00438,returning
C00439,returning
C00440,returning
C00441,returning
C00442,returning
C00443,returning
C00444,returning
C00445,returning
C00446,returning
C00447,returning
C00448,returning
C00449,returning
C00450,returning
C00451,returning
C00452,returning
C00453,returning
C00454,new
C00455,new
C00456,returning
C00457,returning
C00458,returning
C00459,returning
C00460,new
C00461,new
C00462,new
C00463,new
C00464,new
C00465,returning
C00466,new
C00467,new
C00468,returning
C00469,returning
C00470,new
C00471,returning
C00472,returning
C00473,returning
C00474,new
C00475,returning
C00476,returning
C00477,returning
C00478,returning
C00479,returning
C00480,returning
C00481,returning
C00482,new
C00483,returning
C00484,returning
C00485,returning
C00486,returning
C00487,returning
C00488,returning
C00489,returning
C00490,returning
C00491,new
C00492,new
C00493,returning
C00494,new
C00495,new
C00496,returning
C00497,returning
C00498,new
C00499,returning
C00500,new
C00501,returning
C00502,new
C00503,returning
C00504,returning
C00505,new
C00506,returning
C00507,new
C00508,returning
C00509,new
C00510,returning
C00511,new
C00512,new
C00513,returning
C00514,returning
C00515,returning
C00516,returning
C00517,new
C00518,new
C00519,new
C00520,returning
C00521,returning
C00522,new
C00523,returning
C00524,returning
C00525,returning
C00526,returning
C00527,returning
C00528,new
C00529,new
C00530,new
C00531,new
C00532,returning
C00533,returning
C00534,new
C00535,returning
C00536,returning
C00537,new
C00538,returning
C00539,returning
C00540,new
C00541,returning
C00542,returning
C00543,new
C00544,new
C00545,new
C00546,returning
C00547,returning
C00548,returning
C00549,returning
C00550,new
C00551,returning
C00552,returning
C00553,new
C00554,returning
C00555,returning
C00556,returning
C00557,new
C00558,returning
C00559,returning
C00560,new
C00561,returning
C00562,returning
C00563,returning
C00564,new
C00565,returning
C00566,returning
C00567,new
C00568,returning
C00569,returning
C00570,returning
C00571,returning
C00572,returning
C00573,returning
C00574,returning
C00575,new
C00576,returning
C00577,returning
C00578,returning
C00579,returning
C00580,returning
C00581,new
C00582,returning
C00583,returning
C00584,new
C00585,returning
C00586,new
C00587,returning
C00588,returning
C00589,returning
C00590,new
C00591,returning
C00592,new
C00593,new
C00594,returning
C00595,new
C00596,returning
C00597,returning
C00598,new
C00599,new
C00600,returning
C00601,new
C00602,returning
C00603,returning
C00604,returning
C00605,returning
C00606,returning
C00607,returning
C00608,returning
C00609,new
C00610,new
C00611,returning
C00612,new
C00613,returning
C00614,returning
C00615,returning
C00616,returning
C00617,returning
C00618,new
C00619,returning
C00620,new
C00621,new
C00622,new
C00623,new
C00624,new
C00625,returning
C00626,returning
C00627,new
C00628,new
C00629,returning
C00630,returning
C00631,returning
C00632,returning
C00633,new
C00634,new
C00635,new
C00636,new
C00637,new
C00638,new
C00639,returning
C00640,new
C00641,returning
C00642,returning
C00643,returning
C00644,new
C00645,returning
C00646,returning
C00647,returning
C00648,returning
C00649,returning
C00650,returning
C00651,new
C00652,new
C00653,returning
C00654,returning
C00655,returning
C00656,returning
C00657,new
C00658,returning
C00659,new
C00660,new
C00661,returning
C00662,new
C00663,returning
C00664,new
C00665,returning
C00666,returning
C00667,returning
C00668,new
C00669,returning
C00670,returning
C00671,returning
C00672,returning
C00673,returning
C00674,new
C00675,returning
C00676,returning
C00677,returning
C00678,returning
C00679,new
C00680,new
C00681,returning
C00682,new
C00683,new
C00684,new
C00685,new
C00686,returning
C00687,returning
C00688,new
C00689,new
C00690,returning
C00691,returning
C00692,returning
C00693,returning
C00694,returning
C00695,returning
C00696,returning
C00697,returning
C00698,returning
C00699,returning
C00700,returning
C00701,returning
C00702,returning
C00703,returning
C00704,new
C00705,new
C00706,new
C00707,returning
C00708,returning
C00709,new
C00710,new
C00711,returning
C00712,returning
C00713,returning
C00714,returning
C00715,returning
C00716,new
C00717,new
C00718,returning
C00719,new
C00720,new
C00721,new
C00722,returning
C00723,returning
C00724,returning
C00725,returning
C00726,returning
C00727,returning
C00728,new
C00729,new
C00730,returning
C00731,returning
C00732,returning
C00733,returning
C00734,new
C00735,returning
C00736,returning
C00737,returning
C00738,new
C00739,new
C00740,new
C00741,returning
C00742,returning
C00743,new
C00744,returning
C00745,new
C00746,returning
C00747,returning
C00748,returning
C00749,returning
C00750,new
C00751,new
C00752,returning
C00753,returning
C00754,returning
C00755,returning
C00756,returning
C00757,returning
C00758,returning
C00759,new
C00760,returning
C00761,returning
C00762,returning
C00763,returning
C00764,new
C00765,returning
C00766,returning
C00767,returning
C00768,returning
C00769,new
C00770,returning
C00771,returning
C00772,new
C00773,new
C00774,returning
C00775,returning
C00776,new
C00777,returning
C00778,returning
C00779,returning
C00780,new
C00781,returning
C00782,returning
C00783,returning
C00784,returning
C00785,new
C00786,returning
C00787,returning
C00788,new
C00789,returning
C00790,returning
C00791,returning
C00792,returning
C00793,returning
C00794,returning
C00795,new
C00796,returning
C00797,returning
C00798,returning
C00799,returning
C00800,returning
C00801,new
C00802,new
C00803,returning
C00804,returning
C00805,returning
C00806,new
C00807,returning
C00808,new
C00809,returning
C00810,returning
C00811,returning
C00812,new
C00813,new
C00814,returning
C00815,returning
C00816,new
C00817,returning
C00818,new
C00819,returning
C00820,returning
C00821,returning
C00822,returning
C00823,returning
C00824,returning
C00825,returning
C00826,returning
C00827,new
C00828,returning
C00829,returning
C00830,returning
C00831,returning
C00832,returning
C00833,returning
C00834,returning
C00835,returning
C00836,returning
C00837,returning
C00838,new
C00839,returning
C00840,returning
C00841,new
C00842,returning
C00843,returning
C00844,returning
C00845,returning
C00846,returning
C00847,returning
C00848,new
C00849,returning
C00850,returning
C00851,returning
C00852,new
C00853,new
C00854,returning
C00855,returning
C00856,returning
C00857,returning
C00858,returning
C00859,new
C00860,returning
C00861,returning
C00862,returning
C00863,returning
C00864,returning
C00865,new
C00866,returning
C00867,new
C00868,returning
C00869,new
C00870,returning
C00871,returning
C00872,returning
C00873,new
C00874,new
C00875,returning
C00876,returning
C00877,new
C00878,returning
C00879,new
C00880,returning
C00881,new
C00882,new
C00883,new
C00884,returning
C00885,returning
C00886,returning
C00887,new
C00888,returning
C00889,new
C00890,returning
C00891,returning
C00892,returning
C00893,new
C00894,returning
C00895,new
C00896,returning
C00897,returning
C00898,new
C00899,returning
C00900,returning
C00901,returning
C00902,new
C00903,returning
C00904,returning
C00905,new
C00906,returning
C00907,returning
C00908,returning
C00909,new
C00910,returning
C00911,returning
C00912,returning
C00913,new
C00914,returning
C00915,returning
C00916,returning
C00917,returning
C00918,returning
C00919,returning
C00920,returning
C00921,returning
C00922,returning
C00923,returning
C00924,returning
C00925,returning
C00926,new
C00927,returning
C00928,returning
C00929,returning
C00930,new
C00931,new
C00932,returning
C00933,new
C00934,new
C00935,returning
C00936,returning
C00937,returning
C00938,returning
C00939,returning
C00940,new
C00941,returning
C00942,returning
C00943,returning
C00944,returning
C00945,new
C00946,new
C00947,returning
C00948,new
C00949,returning
C00950,returning
C00951,returning
C00952,returning
C00953,returning
C00954,returning
C00955,returning
C00956,returning
C00957,new
C00958,returning
C00959,returning
C00960,returning
C00961,returning
C00962,returning
C00963,returning
C00964,returning
C00965,new
C00966,new
C00967,new
C00968,returning
C00969,returning
C00970,returning
C00971,new
C00972,new
C00973,returning
C00974,returning
C00975,new
C00976,returning
C00977,new
C00978,returning
C00979,new
C00980,returning
C00981,new
C00982,returning
C00983,new
C00984,returning
C00985,returning
C00986,returning
C00987,returning
C00988,returning
C00989,returning
C00990,new
C00991,returning
C00992,new
C00993,returning
C00994,returning
C00995,returning
C00996,new
C00997,returning
C00998,returning
C00999,returning
C01000,returning
C01001,new
C01002,returning
C01003,returning
C01004,returning
C01005,returning
C01006,returning
C01007,new
C01008,new
C01009,returning
C01010,returning
C01011,returning
C01012,returning
C01013,returning
C01014,new
C01015,returning
C01016,new
C01017,new
C01018,returning
C01019,new
C01020,returning
C01021,new
C01022,new
C01023,returning
C01024,new
C01025,new
C01026,returning
C01027,new
C01028,returning
C01029,new
C01030,new
C01031,new
C01032,new
C01033,returning
C01034,new
C01035,new
C01036,returning
C01037,new
C01038,new
C01039,new
C01040,new
C01041,returning
C01042,returning
C01043,returning
C01044,returning
C01045,returning
C01046,returning
C01047,new
C01048,returning
C01049,returning
C01050,new
C01051,returning
C01052,returning
C01053,returning
C01054,returning
C01055,returning
C01056,new
C01057,returning
C01058,returning
C01059,returning
C01060,returning
C01061,returning
C01062,new
C01063,new
C01064,returning
C01065,new
C01066,new
C01067,returning
C01068,returning
C01069,new
C01070,returning
C01071,returning
C01072,returning
C01073,returning
C01074,new
C01075,returning
C01076,returning
C01077,returning
C01078,returning
C01079,returning
C01080,new
C01081,returning
C01082,new
C01083,new
C01084,returning
C01085,returning
C01086,new
C01087,returning
C01088,returning
C01089,returning
C01090,new
C01091,returning
C01092,new
C01093,returning
C01094,new
C01095,new
C01096,returning
C01097,returning
C01098,returning
C01099,returning
C01100,returning
C01101,new
C01102,new
C01103,returning
C01104,returning
C01105,returning
C01106,returning
C01107,returning
C01108,returning
C01109,returning
C01110,returning
C01111,returning
C01112,new
C01113,returning
C01114,new
C01115,new
C01116,returning
C01117,returning
C01118,returning
C01119,returning
C01120,returning
C01121,returning
C01122,returning
C01123,returning
C01124,returning
C01125,returning
C01126,new
C01127,returning
C01128,returning
C01129,new
C01130,new
C01131,returning
C01132,new
C01133,new
C01134,new
C01135,returning
C01136,returning
C01137,returning
C01138,new
C01139,returning
C01140,new
C01141,returning
C01142,new
C01143,returning
C01144,new
C01145,returning
C01146,returning
C01147,returning
C01148,returning
C01149,new
C01150,new
C01151,new
C01152,returning
C01153,returning
C01154,new
C01155,returning
C01156,returning
C01157,returning
C01158,new
C01159,returning
C01160,new
C01161,returning
C01162,new
C01163,returning
C01164,returning
C01165,returning
C01166,new
C01167,returning
C01168,returning
C01169,new
C01170,new
C01171,new
C01172,new
C01173,new
C01174,new
C01175,new
C01176,returning
C01177,new
C01178,returning
C01179,returning
C01180,returning
C01181,returning
C01182,returning
C01183,new
C01184,returning
C01185,new
C01186,new
C01187,returning
C01188,returning
C01189,returning
C01190,returning
C01191,returning
C01192,returning
C01193,new
C01194,new
C01195,new
C01196,returning
C01197,returning
C01198,returning
C01199,returning
C01200,new
C01201,returning
C01202,new
C01203,returning
C01204,returning
C01205,returning
C01206,new
C01207,new
C01208,new
C01209,new
C01210,returning
C01211,new
C01212,returning
C01213,returning
C01214,new
C01215,returning
C01216,returning
C01217,returning
C01218,new
C01219,new
C01220,new
C01221,returning
C01222,returning
C01223,returning
C01224,new
C01225,returning
C01226,returning
C01227,returning
C01228,returning
C01229,returning
C01230,returning
C01231,returning
C01232,returning
C01233,returning
C01234,returning
C01235,returning
C01236,new
C01237,new
C01238,returning
C01239,new
C01240,new
C01241,new
C01242,returning
C01243,new
C01244,returning
C01245,new
C01246,returning
C01247,new
C01248,returning
C01249,returning
C01250,returning
C01251,returning
C01252,returning
C01253,returning
C01254,returning
C01255,returning
C01256,returning
C01257,returning
C01258,returning
C01259,new
C01260,returning
C01261,new
C01262,new
C01263,new
C01264,returning
C01265,new
C01266,returning
C01267,returning
C01268,new
C01269,new
C01270,returning
C01271,returning
C01272,returning
C01273,new
C01274,returning
C01275,new
C01276,returning
C01277,new
C01278,returning
C01279,returning
C01280,returning
C01281,new
C01282,new
C01283,returning
C01284,new
C01285,returning
C01286,returning
C01287,returning
C01288,returning
C01289,new
C01290,returning
C01291,new
C01292,new
C01293,returning
C01294,returning
C01295,returning
C01296,returning
C01297,returning
C01298,new
C01299,returning
C01300,returning
C01301,returning
C01302,returning
C01303,returning
C01304,returning
C01305,returning
C01306,returning
C01307,returning
C01308,returning
C01309,returning
C01310,returning
C01311,new
C01312,new
C01313,returning
C01314,returning
C01315,new
C01316,new
C01317,new
C01318,returning
C01319,new
C01320,returning
C01321,returning
C01322,returning
C01323,new
C01324,new
C01325,returning
C01326,new
C01327,returning
C01328,new
C01329,returning
C01330,returning
C01331,returning
C01332,new
C01333,returning
C01334,returning
C01335,returning
C01336,new
C01337,returning
C01338,new
C01339,returning
C01340,returning
C01341,returning
C01342,new
C01343,returning
C01344,returning
C01345,returning
C01346,returning
C01347,returning
C01348,returning
C01349,returning
C01350,new
C01351,returning
C01352,returning
C01353,returning
C01354,returning
C01355,returning
C01356,new
C01357,new
C01358,returning
C01359,returning
C01360,returning
C01361,new
C01362,returning
C01363,returning
C01364,new
C01365,returning
C01366,new
C01367,returning
C01368,new
C01369,returning
C01370,returning
C01371,new
C01372,returning
C01373,new
C01374,new
C01375,new
C01376,returning
C01377,new
C01378,returning
C01379,returning
C01380,new
C01381,returning
C01382,returning
C01383,returning
C01384,returning
C01385,new
C01386,new
C01387,returning
C01388,returning
C01389,new
C01390,returning
C01391,returning
C01392,new
C01393,new
C01394,new
C01395,returning
C01396,returning
C01397,returning
C01398,returning
C01399,new
C01400,new
C01401,new
C01402,new
C01403,returning
C01404,returning
C01405,returning
C01406,new
C01407,returning
C01408,returning
C01409,new
C01410,returning
C01411,new
C01412,new
C01413,returning
C01414,returning
C01415,new
C01416,returning
C01417,returning
C01418,new
C01419,returning
C01420,new
C01421,returning
C01422,returning
C01423,returning
C01424,returning
C01425,returning
C01426,returning
C01427,returning
C01428,returning
C01429,new
C01430,new
C01431,returning
C01432,new
C01433,returning
C01434,returning
C01435,returning
C01436,returning
C01437,new
C01438,new
C01439,returning
C01440,returning
C01441,new
C01442,returning
C01443,returning
C01444,returning
C01445,returning
C01446,returning
C01447,new
C01448,returning
C01449,returning
C01450,new
C01451,new
C01452,new
C01453,new
C01454,returning
C01455,returning
C01456,returning
C01457,returning
C01458,new
C01459,returning
C01460,new
C01461,returning
C01462,returning
C01463,returning
C01464,new
C01465,new
C01466,returning
C01467,returning
C01468,returning
C01469,returning
C01470,returning
C01471,returning
C01472,returning
C01473,returning
C01474,returning
C01475,returning
C01476,returning
C01477,returning
C01478,new
C01479,returning
C01480,returning
C01481,returning
C01482,new
C01483,new
C01484,returning
C01485,new
C01486,returning
C01487,returning
C01488,returning
C01489,returning
C01490,new
C01491,returning
C01492,returning
C01493,returning
C01494,new
C01495,returning
C01496,returning
C01497,new
C01498,returning
C01499,returning
C01500,returning
C01501,returning
C01502,returning
C01503,new
C01504,returning
C01505,returning
C01506,new
C01507,new
C01508,returning
C01509,returning
C01510,returning
C01511,returning
C01512,returning
C01513,returning
C01514,returning
C01515,returning
C01516,returning
C01517,returning
C01518,returning
C01519,returning
C01520,returning
C01521,new
C01522,new
C01523,returning
C01524,returning
C01525,returning
C01526,returning
C01527,new
C01528,new
C01529,returning
C01530,returning
C01531,new
C01532,returning
C01533,returning
C01534,new
C01535,returning
C01536,returning
C01537,returning
C01538,returning
C01539,new
C01540,returning
C01541,returning
C01542,new
C01543,new
C01544,new
C01545,returning
C01546,returning
C01547,returning
C01548,returning
C01549,returning
C01550,returning
C01551,returning
C01552,returning
C01553,new
C01554,new
C01555,new
C01556,returning
C01557,new
C01558,returning
C01559,returning
C01560,returning
C01561,returning
C01562,returning
C01563,new
C01564,new
C01565,returning
C01566,returning
C01567,returning
C01568,returning
C01569,returning
C01570,new
C01571,returning
C01572,returning
C01573,returning
C01574,returning
C01575,new
C01576,returning
C01577,returning
C01578,returning
C01579,new
C01580,returning
C01581,returning
C01582,returning
C01583,new
C01584,new
C01585,new
C01586,new
C01587,new
C01588,returning
C01589,new
C01590,returning
C01591,returning
C01592,returning
C01593,new
C01594,returning
C01595,returning
C01596,new
C01597,new
C01598,returning
C01599,returning
C01600,new
C01601,returning
C01602,new
C01603,returning
C01604,returning
C01605,returning
C01606,returning
C01607,returning
C01608,returning
C01609,new
C01610,new
C01611,returning
C01612,returning
C01613,returning
C01614,returning
C01615,returning
C01616,returning
C01617,returning
C01618,returning
C01619,new
C01620,returning
C01621,returning
C01622,returning
C01623,returning
C01624,new
C01625,new
C01626,new
C01627,returning
C01628,returning
C01629,new
C01630,returning
C01631,new
C01632,returning
C01633,returning
C01634,returning
C01635,returning
C01636,new
C01637,returning
C01638,returning
C01639,new
C01640,returning
C01641,new
C01642,new
C01643,new
C01644,new
C01645,returning
C01646,returning
C01647,new
C01648,returning
C01649,new
C01650,new
C01651,returning
C01652,new
C01653,returning
C01654,returning
C01655,returning
C01656,returning
C01657,new
C01658,new
C01659,returning
C01660,returning
C01661,returning
C01662,new
C01663,returning
C01664,new
C01665,returning
C01666,returning
C01667,returning
C01668,returning
C01669,returning
C01670,returning
C01671,returning
C01672,returning
C01673,returning
C01674,returning
C01675,returning
C01676,returning
C01677,returning
C01678,new
C01679,returning
C01680,new
C01681,returning
C01682,returning
C01683,new
C01684,returning
C01685,returning
C01686,new
C01687,returning
C01688,returning
C01689,returning
C01690,new
C01691,returning
C01692,returning
C01693,new
C01694,returning
C01695,returning
C01696,new
C01697,new
C01698,new
C01699,returning
C01700,returning
C01701,returning
C01702,returning
C01703,new
C01704,returning
C01705,new
C01706,returning
C01707,returning
C01708,new
C01709,new
C01710,returning
C01711,returning
C01712,returning
C01713,new
C01714,returning
C01715,returning
C01716,returning
C01717,returning
C01718,returning
C01719,returning
C01720,returning
C01721,returning
C01722,new
C01723,returning
C01724,returning
C01725,returning
C01726,returning
C01727,returning
C01728,returning
C01729,returning
C01730,new
C01731,returning
C01732,returning
C01733,returning
C01734,new
C01735,returning
C01736,new
C01737,returning
C01738,new
C01739,new
C01740,new
C01741,new
C01742,returning
C01743,returning
C01744,returning
C01745,returning
C01746,returning
C01747,returning
C01748,new
C01749,new
C01750,new
C01751,new
C01752,returning
C01753,returning
C01754,new
C01755,new
C01756,returning
C01757,new
C01758,returning
C01759,returning
C01760,returning
C01761,returning
C01762,returning
C01763,returning
C01764,new
C01765,new
C01766,returning
C01767,new
C01768,returning
C01769,new
C01770,new
C01771,new
C01772,returning
C01773,new
C01774,new
C01775,returning
C01776,returning
C01777,new
C01778,new
C01779,returning
C01780,returning
C01781,returning
C01782,returning
C01783,returning
C01784,returning
C01785,new
C01786,new
C01787,returning
C01788,new
C01789,returning
C01790,new
C01791,returning
C01792,new
C01793,returning
C01794,returning
C01795,returning
C01796,new
C01797,returning
C01798,returning
C01799,new
C01800,returning
C01801,returning
C01802,returning
C01803,new
C01804,returning
C01805,returning
C01806,new
C01807,returning
C01808,new
C01809,returning
C01810,returning
C01811,returning
C01812,returning
C01813,returning
C01814,returning
C01815,new
C01816,returning
C01817,new
C01818,returning
C01819,returning
C01820,new
C01821,returning
C01822,returning
C01823,returning
C01824,returning
C01825,returning
C01826,new
C01827,returning
C01828,new
C01829,returning
C01830,returning
C01831,returning
C01832,returning
C01833,returning
C01834,returning
C01835,returning
C01836,returning
C01837,new
C01838,returning
C01839,new
C01840,returning
C01841,new
C01842,returning
C01843,returning
C01844,returning
C01845,returning
C01846,returning
C01847,returning
C01848,new
C01849,new
C01850,new
C01851,returning
C01852,new
C01853,new
C01854,returning
C01855,returning
C01856,returning
C01857,returning
C01858,new
C01859,returning
C01860,returning
C01861,returning
C01862,returning
C01863,new
C01864,returning
C01865,new
C01866,new
C01867,new
C01868,new
C01869,new
C01870,new
C01871,returning
C01872,returning
C01873,new
C01874,returning
C01875,new
C01876,returning
C01877,returning
C01878,new
C01879,new
C01880,new
C01881,returning
C01882,returning
C01883,returning
C01884,returning
C01885,new
C01886,new
C01887,returning
C01888,new
C01889,returning
C01890,new
C01891,new
C01892,new
C01893,returning
C01894,returning
C01895,returning
C01896,returning
C01897,returning
C01898,returning
C01899,returning
C01900,new
C01901,new
C01902,returning
C01903,returning
C01904,new
C01905,returning
C01906,returning
C01907,new
C01908,returning
C01909,new
C01910,returning
C01911,returning
C01912,returning
C01913,new
C01914,new
C01915,returning
C01916,new
C01917,new
C01918,returning
C01919,new
C01920,returning
C01921,returning
C01922,returning
C01923,returning
C01924,returning
C01925,new
C01926,returning
C01927,returning
C01928,returning
C01929,returning
C01930,returning
C01931,returning
C01932,returning
C01933,new
C01934,new
C01935,new
C01936,returning
C01937,returning
C01938,new
C01939,returning
C01940,new
C01941,returning
C01942,returning
C01943,returning
C01944,returning
C01945,returning
C01946,returning
C01947,returning
C01948,returning
C01949,returning
C01950,returning
C01951,returning
C01952,returning
C01953,returning
C01954,returning
C01955,returning
C01956,new
C01957,new
C01958,returning
C01959,returning
C01960,returning
C01961,new
C01962,new
C01963,new
C01964,new
C01965,returning
C01966,returning
C01967,returning
C01968,returning
C01969,new
C01970,new
C01971,new
C01972,returning
C01973,returning
C01974,new
C01975,returning
C01976,returning
C01977,returning
C01978,returning
C01979,new
C01980,new
C01981,new
C01982,new
C01983,returning
C01984,returning
C01985,new
C01986,returning
C01987,returning
C01988,new
C01989,new
C01990,returning
C01991,new
C01992,returning
C01993,new
C01994,returning
C01995,returning
C01996,new
C01997,returning
C01998,returning
C01999,new
C02000,new
C02001,new
C02002,returning
C02003,new
C02004,new
C02005,new
C02006,returning
C02007,returning
C02008,returning
C02009,returning
C02010,returning
C02011,returning
C02012,returning
C02013,returning
C02014,returning
C02015,returning
C02016,new
C02017,returning
C02018,new
C02019,returning
C02020,returning
C02021,returning
C02022,returning
C02023,new
C02024,returning
C02025,returning
C02026,returning
C02027,returning
C02028,returning
C02029,returning
C02030,new
C02031,new
C02032,new
C02033,returning
C02034,returning
C02035,returning
C02036,new
C02037,returning
C02038,new
C02039,new
C02040,returning
C02041,returning
C02042,returning
C02043,new
C02044,returning
C02045,returning
C02046,returning
C02047,returning
C02048,returning
C02049,new
C02050,returning
C02051,new
C02052,returning
C02053,returning
C02054,new
C02055,returning
C02056,returning
C02057,new
C02058,returning
C02059,new
C02060,returning
C02061,returning
C02062,returning
C02063,returning
C02064,returning
C02065,returning
C02066,new
C02067,returning
C02068,returning
C02069,new
C02070,returning
C02071,returning
C02072,returning
C02073,returning
C02074,returning
C02075,returning
C02076,returning
C02077,new
C02078,new
C02079,new
C02080,returning
C02081,returning
C02082,returning
C02083,new
C02084,new
C02085,returning
C02086,returning
C02087,returning
C02088,returning
C02089,returning
C02090,new
C02091,returning
C02092,returning
C02093,returning
C02094,returning
C02095,new
C02096,returning
C02097,new
C02098,returning
C02099,returning
C02100,returning
C02101,returning
C02102,returning
C02103,new
C02104,new
C02105,returning
C02106,returning
C02107,returning
C02108,returning
C02109,returning
C02110,returning
C02111,new
C02112,returning
C02113,new
C02114,returning
C02115,returning
C02116,returning
C02117,returning
C02118,returning
C02119,returning
C02120,returning
C02121,new
C02122,returning
C02123,new
C02124,returning
C02125,new
C02126,returning
C02127,new
C02128,returning
C02129,returning
C02130,returning
C02131,returning
C02132,new
C02133,new
C02134,new
C02135,new
C02136,returning
C02137,returning
C02138,new
C02139,returning
C02140,returning
C02141,returning
C02142,returning
C02143,returning
C02144,new
C02145,returning
C02146,returning
C02147,returning
C02148,returning
C02149,returning
C02150,new
C02151,returning
C02152,returning
C02153,new
C02154,new
C02155,new
C02156,returning
C02157,returning
C02158,returning
C02159,returning
C02160,returning
C02161,new
C02162,returning
C02163,new
C02164,new
C02165,returning
C02166,returning
C02167,returning
C02168,new
C02169,new
C02170,returning
C02171,returning
C02172,returning
C02173,new
C02174,returning
C02175,new
C02176,returning
C02177,returning
C02178,returning
C02179,returning
C02180,returning
C02181,new
C02182,new
C02183,new
C02184,returning
C02185,returning
C02186,returning
C02187,new
C02188,returning
C02189,new
C02190,returning
C02191,returning
C02192,returning
C02193,returning
C02194,new
C02195,returning
C02196,returning
C02197,new
C02198,returning
C02199,returning
C02200,returning
C02201,returning
C02202,new
C02203,new
C02204,returning
C02205,returning
C02206,returning
C02207,returning
C02208,returning
C02209,returning
C02210,returning
C02211,new
C02212,returning
C02213,returning
C02214,returning
C02215,new
C02216,new
C02217,returning
C02218,returning
C02219,returning
C02220,new
C02221,new
C02222,new
C02223,new
C02224,returning
C02225,new
C02226,new
C02227,new
C02228,returning
C02229,returning
C02230,returning
C02231,new
C02232,returning
C02233,new
C02234,returning
C02235,new
C02236,returning
C02237,new
C02238,returning
C02239,new
C02240,returning
C02241,returning
C02242,returning
C02243,returning
C02244,new
C02245,returning
C02246,new
C02247,new
C02248,returning
C02249,new
C02250,returning
C02251,returning
C02252,returning
C02253,new
C02254,new
C02255,new
C02256,returning
C02257,returning
C02258,new
C02259,new
C02260,new
C02261,returning
C02262,new
C02263,returning
C02264,returning
C02265,new
C02266,new
C02267,returning
C02268,returning
C02269,returning
C02270,new
C02271,new
C02272,returning
C02273,new
C02274,new
C02275,returning
C02276,returning
C02277,new
C02278,returning
C02279,returning
C02280,returning
C02281,new
C02282,returning
C02283,returning
C02284,returning
C02285,new
C02286,returning
C02287,returning
C02288,returning
C02289,returning
C02290,returning
C02291,returning
C02292,returning
C02293,returning
C02294,returning
C02295,new
C02296,returning
C02297,returning
C02298,returning
C02299,returning
C02300,returning
C02301,returning
C02302,new
C02303,returning
C02304,returning
C02305,returning
C02306,new
C02307,returning
C02308,returning
C02309,returning
C02310,returning
C02311,returning
C02312,returning
C02313,returning
C02314,returning
C02315,returning
C02316,returning
C02317,returning
C02318,returning
C02319,new
C02320,returning
C02321,returning
C02322,returning
C02323,returning
C02324,new
C02325,returning
C02326,returning
C02327,returning
C02328,returning
C02329,returning
C02330,returning
C02331,new
C02332,new
C02333,returning
C02334,returning
C02335,returning
C02336,returning
C02337,returning
C02338,returning
C02339,returning
C02340,returning
C02341,returning
C02342,new
C02343,new
C02344,new
C02345,returning
C02346,returning
C02347,new
C02348,returning
C02349,new
C02350,new
C02351,returning
C02352,new
C02353,returning
C02354,returning
C02355,returning
C02356,returning
C02357,new
C02358,new
C02359,returning
C02360,new
C02361,returning
C02362,returning
C02363,returning
C02364,new
C02365,returning
C02366,new
C02367,new
C02368,new
C02369,returning
C02370,returning
C02371,new
C02372,returning
C02373,new
C02374,returning
C02375,returning
C02376,new
C02377,returning
C02378,new
C02379,returning
C02380,returning
C02381,returning
C02382,new
C02383,returning
C02384,returning
C02385,new
C02386,new
C02387,returning
C02388,new
C02389,new
C02390,returning
C02391,new
C02392,returning
C02393,returning
C02394,returning
C02395,returning
C02396,returning
C02397,returning
C02398,new
C02399,returning
C02400,returning
C02401,returning
C02402,returning
C02403,new
C02404,returning
C02405,new
C02406,new
C02407,new
C02408,new
C02409,new
C02410,returning
C02411,returning
C02412,returning
C02413,new
C02414,returning
C02415,new
C02416,returning
C02417,returning
C02418,returning
C02419,returning
C02420,returning
C02421,returning
C02422,new
C02423,new
C02424,returning
C02425,new
C02426,returning
C02427,new
C02428,new
C02429,returning
C02430,returning
C02431,returning
C02432,returning
C02433,returning
C02434,returning
C02435,returning
C02436,returning
C02437,new
C02438,new
C02439,returning
C02440,new
C02441,new
C02442,returning
C02443,new
C02444,returning
C02445,returning
C02446,returning
C02447,returning
C02448,new
C02449,new
C02450,returning
C02451,returning
C02452,returning
C02453,returning
C02454,new
C02455,returning
C02456,returning
C02457,returning
C02458,new
C02459,returning
C02460,returning
C02461,new
C02462,returning
C02463,returning
C02464,new
C02465,returning
C02466,returning
C02467,returning
C02468,returning
C02469,new
C02470,returning
C02471,returning
C02472,returning
C02473,returning
C02474,returning
C02475,new
C02476,new
C02477,new
C02478,new
C02479,new
C02480,returning
C02481,new
C02482,returning
C02483,new
C02484,returning
C02485,new
C02486,new
C02487,returning
C02488,returning
C02489,returning
C02490,new
C02491,returning
C02492,returning
C02493,returning
C02494,returning
C02495,returning
C02496,new
C02497,returning
C02498,new
C02499,returning
C02500,returning
C02501,returning
C02502,returning
C02503,returning
C02504,returning
C02505,new
C02506,returning
C02507,returning
C02508,returning
C02509,returning
C02510,new
C02511,returning
C02512,new
C02513,returning
C02514,returning
C02515,returning
C02516,new
C02517,new
C02518,returning
C02519,returning
C02520,returning
C02521,returning
C02522,returning
C02523,returning
C02524,new
C02525,returning
C02526,new
C02527,returning
C02528,new
C02529,new
C02530,returning
C02531,new
C02532,returning
C02533,returning
C02534,returning
C02535,new
C02536,returning
C02537,new
C02538,new
C02539,returning
C02540,returning
C02541,new
C02542,returning
C02543,returning
C02544,new
C02545,returning
C02546,new
C02547,returning
C02548,new
C02549,returning
C02550,new
C02551,returning
C02552,new
C02553,returning
C02554,new
C02555,returning
C02556,returning
C02557,new
C02558,returning
C02559,new
C02560,returning
C02561,new
C02562,returning
C02563,returning
C02564,new
C02565,returning
C02566,new
C02567,new
C02568,returning
C02569,new
C02570,returning
C02571,returning
C02572,returning
C02573,returning
C02574,new
C02575,new
C02576,returning
C02577,returning
C02578,new
C02579,new
C02580,returning
C02581,new
C02582,returning
C02583,returning
C02584,new
C02585,returning
C02586,new
C02587,returning
C02588,new
C02589,returning
C02590,returning
C02591,returning
C02592,returning
C02593,new
C02594,returning
C02595,returning
C02596,returning
C02597,new
C02598,new
C02599,returning
C02600,returning
C02601,returning
C02602,returning
C02603,new
C02604,new
C02605,new
C02606,new
C02607,returning
C02608,returning
C02609,returning
C02610,returning
C02611,returning
C02612,returning
C02613,returning
C02614,new
C02615,returning
C02616,returning
C02617,returning
C02618,new
C02619,new
C02620,returning
C02621,returning
C02622,returning
C02623,new
C02624,returning
C02625,returning
C02626,returning
C02627,returning
C02628,returning
C02629,returning
C02630,new
C02631,returning
C02632,returning
C02633,returning
C02634,returning
C02635,returning
C02636,returning
C02637,returning
C02638,new
C02639,new
C02640,new
C02641,new
C02642,new
C02643,returning
C02644,returning
C02645,returning
C02646,returning
C02647,returning
C02648,returning
C02649,new
C02650,returning
C02651,returning
C02652,new
C02653,new
C02654,returning
C02655,new
C02656,returning
C02657,returning
C02658,returning
C02659,returning
C02660,returning
C02661,returning
C02662,new
C02663,returning
C02664,returning
C02665,returning
C02666,new
C02667,new
C02668,returning
C02669,returning
C02670,returning
C02671,new
C02672,returning
C02673,returning
C02674,new
C02675,returning
C02676,returning
C02677,new
C02678,returning
C02679,returning
C02680,returning
C02681,returning
C02682,new
C02683,new
C02684,returning
C02685,new
C02686,returning
C02687,returning
C02688,new
C02689,returning
C02690,new
C02691,new
C02692,returning
C02693,returning
C02694,new
C02695,returning
C02696,returning
C02697,returning
C02698,returning
C02699,returning
C02700,new
C02701,new
C02702,returning
C02703,returning
C02704,new
C02705,returning
C02706,new
C02707,returning
C02708,new
C02709,returning
C02710,returning
C02711,new
C02712,returning
C02713,returning
C02714,returning
C02715,returning
C02716,returning
C02717,returning
C02718,new
C02719,returning
C02720,returning
C02721,new
C02722,new
C02723,returning
C02724,returning
C02725,returning
C02726,new
C02727,returning
C02728,returning
C02729,returning
C02730,new
C02731,returning
C02732,new
C02733,returning
C02734,new
C02735,returning
C02736,new
C02737,new
C02738,returning
C02739,new
C02740,returning
C02741,returning
C02742,returning
C02743,returning
C02744,returning
C02745,new
C02746,returning
C02747,returning
C02748,new
C02749,new
C02750,returning
C02751,new
C02752,new
C02753,returning
C02754,returning
C02755,returning
C02756,new
C02757,returning
C02758,returning
C02759,returning
C02760,new
C02761,returning
C02762,new
C02763,returning
C02764,new
C02765,returning
C02766,returning
C02767,new
C02768,returning
C02769,returning
C02770,returning
C02771,returning
C02772,returning
C02773,returning
C02774,new
C02775,new
C02776,new
C02777,returning
C02778,new
C02779,returning
C02780,returning
C02781,returning
C02782,new
C02783,new
C02784,new
C02785,returning
C02786,returning
C02787,returning
C02788,new
C02789,new
C02790,new
C02791,new
C02792,returning
C02793,returning
C02794,new
C02795,new
C02796,returning
C02797,returning
C02798,returning
C02799,returning
C02800,new
C02801,new
C02802,new
C02803,new
C02804,new
C02805,returning
C02806,returning
C02807,returning
C02808,new
C02809,returning
C02810,new
C02811,new
C02812,new
C02813,returning
C02814,returning
C02815,returning
C02816,new
C02817,returning
C02818,new
C02819,returning
C02820,returning
C02821,returning
C02822,new
C02823,returning
C02824,returning
C02825,new
C02826,new
C02827,returning
C02828,returning
C02829,new
C02830,returning
C02831,returning
C02832,returning
C02833,returning
C02834,returning
C02835,new
C02836,returning
C02837,new
C02838,new
C02839,returning
C02840,returning
C02841,new
C02842,returning
C02843,returning
C02844,new
C02845,new
C02846,returning
C02847,new
C02848,returning
C02849,returning
C02850,returning
C02851,new
C02852,returning
C02853,new
C02854,new
C02855,new
C02856,new
C02857,returning
C02858,new
C02859,returning
C02860,new
C02861,new
C02862,returning
C02863,returning
C02864,new
C02865,new
C02866,new
C02867,new
C02868,returning
C02869,returning
C02870,returning
C02871,returning
C02872,returning
C02873,returning
C02874,returning
C02875,returning
C02876,returning
C02877,returning
C02878,returning
C02879,returning
C02880,returning
C02881,new
C02882,new
C02883,new
C02884,returning
C02885,returning
C02886,new
C02887,returning
C02888,returning
C02889,returning
C02890,returning
C02891,returning
C02892,new
C02893,returning
C02894,new
C02895,returning
C02896,returning
C02897,new
C02898,returning
C02899,new
C02900,returning
C02901,returning
C02902,returning
C02903,returning
C02904,returning
C02905,new
C02906,returning
C02907,returning
C02908,returning
C02909,returning
C02910,new
C02911,returning
C02912,returning
C02913,returning
C02914,returning
C02915,new
C02916,returning
C02917,returning
C02918,returning
C02919,new
C02920,returning
C02921,new
C02922,new
C02923,new
C02924,returning
C02925,new
C02926,returning
C02927,new
C02928,new
C02929,returning
C02930,returning
C02931,returning
C02932,new
C02933,new
C02934,returning
C02935,returning
C02936,returning
C02937,returning
C02938,returning
C02939,returning
C02940,returning
C02941,returning
C02942,returning
C02943,new
C02944,new
C02945,new
C02946,new
C02947,returning
C02948,returning
C02949,returning
C02950,returning
C02951,new
C02952,returning
C02953,returning
C02954,returning
C02955,returning
C02956,new
C02957,returning
C02958,new
C02959,new
C02960,returning
C02961,new
C02962,returning
C02963,returning
C02964,returning
C02965,returning
C02966,returning
C02967,returning
C02968,new
C02969,returning
C02970,returning
C02971,returning
C02972,new
C02973,returning
C02974,returning
C02975,new
C02976,returning
C02977,new
C02978,returning
C02979,new
C02980,returning
C02981,new
C02982,returning
C02983,returning
C02984,returning
C02985,returning
C02986,new
C02987,new
C02988,new
C02989,new
C02990,new
C02991,new
C02992,returning
C02993,returning
C02994,returning
C02995,returning
C02996,returning
C02997,returning
C02998,returning
C02999,new
C03000,returning
C03001,returning
C03002,returning
C03003,returning
C03004,new
C03005,new
C03006,returning
C03007,new
C03008,new
C03009,returning
C03010,new
C03011,new
C03012,returning
C03013,returning
C03014,returning
C03015,returning
C03016,new
C03017,returning
C03018,returning
C03019,returning
C03020,new
C03021,returning
C03022,new
C03023,returning
C03024,new
C03025,new
C03026,new
C03027,new
C03028,returning
C03029,returning
C03030,returning
C03031,new
C03032,new
C03033,new
C03034,new
C03035,returning
C03036,returning
C03037,new
C03038,returning
C03039,returning
C03040,new
C03041,returning
C03042,returning
C03043,new
C03044,new
C03045,new
C03046,new
C03047,new
C03048,returning
C03049,new
C03050,returning
C03051,returning
C03052,returning
C03053,new
C03054,returning
C03055,new
C03056,returning
C03057,returning
C03058,returning
C03059,new
C03060,returning
C03061,new
C03062,new
C03063,new
C03064,returning
C03065,returning
C03066,new
C03067,new
C03068,returning
C03069,returning
C03070,returning
C03071,returning
C03072,returning
C03073,returning
C03074,returning
C03075,returning
C03076,returning
C03077,returning
C03078,returning
C03079,returning
C03080,new
C03081,returning
C03082,returning
C03083,returning
C03084,returning
C03085,returning
C03086,returning
C03087,returning
C03088,new
C03089,returning
C03090,new
C03091,returning
C03092,returning
C03093,returning
C03094,new
C03095,returning
C03096,returning
C03097,returning
C03098,returning
C03099,returning
C03100,returning
C03101,new
C03102,returning
C03103,returning
C03104,new
C03105,returning
C03106,returning
C03107,new
C03108,new
C03109,returning
C03110,returning
C03111,returning
C03112,returning
C03113,returning
C03114,returning
C03115,returning
C03116,new
C03117,returning
C03118,returning
C03119,returning
C03120,returning
C03121,returning
C03122,new
C03123,new
C03124,returning
C03125,new
C03126,returning
C03127,returning
C03128,returning
C03129,returning
C03130,new
C03131,new
C03132,new
C03133,returning
C03134,returning
C03135,new
C03136,returning
C03137,new
C03138,new
C03139,returning
C03140,returning
C03141,returning
C03142,new
C03143,returning
C03144,new
C03145,new
C03146,returning
C03147,returning
C03148,new
C03149,returning
C03150,new
C03151,returning
C03152,returning
C03153,returning
C03154,new
C03155,returning
C03156,returning
C03157,new
C03158,new
C03159,returning
C03160,returning
C03161,returning
C03162,returning
C03163,returning
C03164,returning
C03165,new
C03166,new
C03167,returning
C03168,new
C03169,returning
C03170,returning
C03171,new
C03172,new
C03173,returning
C03174,returning
C03175,new
C03176,returning
C03177,returning
C03178,returning
C03179,new
C03180,returning
C03181,returning
C03182,returning
C03183,new
C03184,new
C03185,returning
C03186,returning
C03187,new
C03188,returning
C03189,returning
C03190,new
C03191,new
C03192,returning
C03193,returning
C03194,returning
C03195,new
C03196,returning
C03197,new
C03198,returning
C03199,returning
C03200,returning
C03201,returning
C03202,returning
C03203,new
C03204,returning
C03205,new
C03206,returning
C03207,returning
C03208,new
C03209,returning
C03210,returning
C03211,returning
C03212,new
C03213,new
C03214,returning
C03215,new
C03216,returning
C03217,returning
C03218,returning
C03219,returning
C03220,new
C03221,new
C03222,returning
C03223,returning
C03224,returning
C03225,returning
C03226,new
C03227,returning
C03228,returning
C03229,returning
C03230,returning
C03231,returning
C03232,returning
C03233,new
C03234,new
C03235,new
C03236,returning
C03237,returning
C03238,returning
C03239,new
C03240,returning
C03241,returning
C03242,new
C03243,new
C03244,returning
C03245,returning
C03246,returning
C03247,returning
C03248,returning
C03249,returning
C03250,returning
C03251,returning
C03252,returning
C03253,returning
C03254,new
C03255,returning
C03256,returning
C03257,new
C03258,returning
C03259,returning
C03260,new
C03261,returning
C03262,new
C03263,returning
C03264,returning
C03265,returning
C03266,returning
C03267,returning
C03268,returning
C03269,returning
C03270,returning
C03271,new
C03272,new
C03273,new
C03274,new
C03275,returning
C03276,returning
C03277,new
C03278,returning
C03279,new
C03280,new
C03281,returning
C03282,returning
C03283,new
C03284,returning
C03285,new
C03286,new
C03287,new
C03288,returning
C03289,returning
C03290,returning
C03291,returning
C03292,returning
C03293,new
C03294,returning
C03295,returning
C03296,returning
C03297,returning
C03298,new
C03299,new
C03300,returning
C03301,new
C03302,new
C03303,returning
C03304,returning
C03305,returning
C03306,returning
C03307,new
C03308,returning
C03309,returning
C03310,returning
C03311,returning
C03312,new
C03313,returning
C03314,new
C03315,new
C03316,returning
C03317,new
C03318,returning
C03319,returning
C03320,returning
C03321,new
C03322,returning
C03323,returning
C03324,returning
C03325,returning
C03326,returning
C03327,new
C03328,new
C03329,returning
C03330,new
C03331,new
C03332,returning
C03333,new
C03334,returning
C03335,returning
C03336,new
C03337,returning
C03338,new
C03339,new
C03340,returning
C03341,returning
C03342,new
C03343,returning
C03344,new
C03345,new
C03346,returning
C03347,returning
C03348,new
C03349,returning
C03350,returning
C03351,new
C03352,returning
C03353,returning
C03354,new
C03355,returning
C03356,returning
C03357,returning
C03358,new
C03359,returning
C03360,new
C03361,returning
C03362,returning
C03363,new
C03364,returning
C03365,returning
C03366,new
C03367,returning
C03368,new
C03369,returning
C03370,new
C03371,returning
C03372,returning
C03373,returning
C03374,new
C03375,returning
C03376,returning
C03377,returning
C03378,returning
C03379,returning
C03380,new
C03381,returning
C03382,returning
C03383,new
C03384,returning
C03385,returning
C03386,new
C03387,returning
C03388,new
C03389,returning
C03390,new
C03391,returning
C03392,new
C03393,new
C03394,new
C03395,new
C03396,new
C03397,new
C03398,returning
C03399,new
C03400,returning
C03401,new
C03402,new
C03403,returning
C03404,new
C03405,returning
C03406,new
C03407,new
C03408,returning
C03409,returning
C03410,returning
C03411,returning
C03412,new
C03413,new
C03414,returning
C03415,returning
C03416,new
C03417,new
C03418,new
C03419,returning
C03420,new
C03421,returning
C03422,new
C03423,new
C03424,new
C03425,new
C03426,returning
C03427,new
C03428,returning
C03429,new
C03430,returning
C03431,new
C03432,returning
C03433,returning
C03434,new
C03435,returning
C03436,returning
C03437,returning
C03438,returning
C03439,new
C03440,returning
C03441,new
C03442,returning
C03443,returning
C03444,new
C03445,returning
C03446,returning
C03447,returning
C03448,returning
C03449,returning
C03450,new
C03451,returning
C03452,new
C03453,returning
C03454,new
C03455,returning
C03456,returning
C03457,returning
C03458,returning
C03459,new
C03460,returning
C03461,returning
C03462,new
C03463,returning
C03464,returning
C03465,returning
C03466,new
C03467,returning
C03468,new
C03469,returning
C03470,new
C03471,new
C03472,new
C03473,returning
C03474,returning
C03475,returning
C03476,returning
C03477,returning
C03478,returning
C03479,returning
C03480,new
C03481,returning
C03482,returning
C03483,new
C03484,returning
C03485,new
C03486,new
C03487,returning
C03488,returning
C03489,returning
C03490,returning
C03491,returning
C03492,new
C03493,returning
C03494,new
C03495,returning
C03496,returning
C03497,returning
C03498,new
C03499,returning
C03500,new
C03501,returning
C03502,new
C03503,new
C03504,returning
C03505,returning
C03506,new
C03507,returning
C03508,returning
C03509,returning
C03510,returning
C03511,returning
C03512,new
C03513,returning
C03514,returning
C03515,new
C03516,returning
C03517,returning
C03518,new
C03519,new
C03520,returning
C03521,returning
C03522,new
C03523,returning
C03524,new
C03525,returning
C03526,returning
C03527,returning
C03528,new
C03529,new
C03530,returning
C03531,returning
C03532,returning
C03533,returning
C03534,returning
C03535,returning
C03536,new
C03537,returning
C03538,new
C03539,new
C03540,returning
C03541,returning
C03542,new
C03543,returning
C03544,returning
C03545,new
C03546,new
C03547,new
C03548,returning
C03549,returning
C03550,new
C03551,returning
C03552,new
C03553,returning
C03554,returning
C03555,returning
C03556,returning
C03557,returning
C03558,new
C03559,returning
C03560,returning
C03561,returning
C03562,returning
C03563,returning
C03564,returning
C03565,returning
C03566,returning
C03567,new
C03568,returning
C03569,returning
C03570,new
C03571,returning
C03572,returning
C03573,returning
C03574,returning
C03575,returning
C03576,new
C03577,returning
C03578,returning
C03579,new
C03580,returning
C03581,returning
C03582,returning
C03583,returning
C03584,returning
C03585,returning
C03586,returning
C03587,returning
C03588,new
C03589,returning
C03590,returning
C03591,returning
C03592,new
C03593,returning
C03594,returning
C03595,returning
C03596,new
C03597,returning
C03598,returning
C03599,returning
C03600,returning
C03601,returning
C03602,new
C03603,returning
C03604,new
C03605,new
C03606,returning
C03607,returning
C03608,returning
C03609,returning
C03610,returning
C03611,returning
C03612,new
C03613,new
C03614,returning
C03615,returning
C03616,returning
C03617,returning
C03618,returning
C03619,returning
C03620,returning
C03621,new
C03622,returning
C03623,returning
C03624,returning
C03625,new
C03626,new
C03627,returning
C03628,new
C03629,returning
C03630,new
C03631,new
C03632,new
C03633,returning
C03634,returning
C03635,new
C03636,returning
C03637,new
C03638,returning
C03639,new
C03640,returning
C03641,returning
C03642,returning
C03643,returning
C03644,returning
C03645,new
C03646,returning
C03647,returning
C03648,new
C03649,returning
C03650,returning
C03651,returning
C03652,returning
C03653,returning
C03654,new
C03655,returning
C03656,new
C03657,new
C03658,returning
C03659,returning
C03660,returning
C03661,returning
C03662,returning
C03663,returning
C03664,returning
C03665,returning
C03666,returning
C03667,returning
C03668,returning
C03669,returning
C03670,new
C03671,new
C03672,returning
C03673,new
C03674,new
C03675,returning
C03676,returning
C03677,returning
C03678,returning
C03679,new
C03680,returning
C03681,new
C03682,new
C03683,returning
C03684,new
C03685,new
C03686,new
C03687,new
C03688,returning
C03689,returning
C03690,returning
C03691,returning
C03692,returning
C03693,returning
C03694,returning
C03695,new
C03696,new
C03697,new
C03698,new
C03699,returning
C03700,returning
C03701,returning
C03702,new
C03703,new
C03704,new
C03705,new
C03706,returning
C03707,new
C03708,returning
C03709,returning
C03710,returning
C03711,returning
C03712,returning
C03713,new
C03714,returning
C03715,returning
C03716,returning
C03717,returning
C03718,returning
C03719,returning
C03720,returning
C03721,new
C03722,returning
C03723,returning
C03724,returning
C03725,returning
C03726,new
C03727,returning
C03728,returning
C03729,returning
C03730,returning
C03731,returning
C03732,new
C03733,returning
C03734,new
C03735,returning
C03736,returning
C03737,new
C03738,returning
C03739,returning
C03740,new
C03741,new
C03742,returning
C03743,returning
C03744,returning
C03745,returning
C03746,new
C03747,returning
C03748,returning
C03749,returning
C03750,returning
C03751,returning
C03752,returning
C03753,returning
C03754,new
C03755,returning
C03756,new
C03757,new
C03758,new
C03759,returning
C03760,returning
C03761,returning
C03762,new
C03763,new
C03764,returning
C03765,returning
C03766,returning
C03767,new
C03768,returning
C03769,returning
C03770,returning
C03771,returning
C03772,returning
C03773,returning
C03774,returning
C03775,new
C03776,returning
C03777,new
C03778,returning
C03779,new
C03780,new
C03781,returning
C03782,returning
C03783,returning
C03784,returning
C03785,returning
C03786,returning
C03787,new
C03788,returning
C03789,returning
C03790,returning
C03791,returning
C03792,new
C03793,returning
C03794,returning
C03795,returning
C03796,returning
C03797,returning
C03798,returning
C03799,returning
C03800,returning
C03801,new
C03802,new
C03803,returning
C03804,returning
C03805,returning
C03806,new
C03807,returning
C03808,returning
C03809,new
C03810,returning
C03811,returning
C03812,returning
C03813,new
C03814,new
C03815,returning
C03816,new
C03817,new
C03818,returning
C03819,returning
C03820,returning
C03821,returning
C03822,returning
C03823,returning
C03824,returning
C03825,new
C03826,new
C03827,new
C03828,returning
C03829,returning
C03830,new
C03831,new
C03832,returning
C03833,new
C03834,returning
C03835,returning
C03836,new
C03837,returning
C03838,returning
C03839,new
C03840,returning
C03841,returning
C03842,returning
C03843,new
C03844,returning
C03845,new
C03846,new
C03847,new
C03848,returning
C03849,returning
C03850,returning
C03851,new
C03852,returning
C03853,returning
C03854,returning
C03855,returning
C03856,new
C03857,returning
C03858,new
C03859,returning
C03860,returning
C03861,returning
C03862,new
C03863,returning
C03864,new
C03865,returning
C03866,new
C03867,new
C03868,new
C03869,returning
C03870,new
C03871,returning
C03872,returning
C03873,returning
C03874,returning
C03875,returning
C03876,returning
C03877,returning
C03878,returning
C03879,returning
C03880,returning
C03881,new
C03882,returning
C03883,returning
C03884,new
C03885,returning
C03886,returning
C03887,returning
C03888,returning
C03889,returning
C03890,returning
C03891,returning
C03892,returning
C03893,new
C03894,returning
C03895,returning
C03896,new
C03897,returning
C03898,returning
C03899,returning
C03900,returning
C03901,returning
C03902,returning
C03903,new
C03904,returning
C03905,new
C03906,returning
C03907,new
C03908,new
C03909,returning
C03910,returning
C03911,returning
C03912,returning
C03913,new
C03914,returning
C03915,new
C03916,returning
C03917,returning
C03918,returning
C03919,returning
C03920,new
C03921,returning
C03922,new
C03923,returning
C03924,returning
C03925,returning
C03926,returning
C03927,returning
C03928,returning
C03929,returning
C03930,returning
C03931,returning
C03932,returning
C03933,returning
C03934,returning
C03935,returning
C03936,returning
C03937,new
C03938,new
C03939,new
C03940,returning
C03941,new
C03942,new
C03943,returning
C03944,returning
C03945,new
C03946,new
C03947,returning
C03948,returning
C03949,returning
C03950,returning
C03951,new
C03952,new
C03953,returning
C03954,new
C03955,new
C03956,returning
C03957,new
C03958,returning
C03959,new
C03960,returning
C03961,new
C03962,new
C03963,new
C03964,returning
C03965,returning
C03966,returning
C03967,new
C03968,returning
C03969,returning
C03970,new
C03971,new
C03972,returning
C03973,returning
C03974,returning
C03975,new
C03976,returning
C03977,returning
C03978,returning
C03979,returning
C03980,new
C03981,returning
C03982,new
C03983,returning
C03984,new
C03985,returning
C03986,returning
C03987,new
C03988,returning
C03989,new
C03990,new
C03991,returning
C03992,returning
C03993,returning
C03994,new
C03995,new
C03996,returning
C03997,returning
C03998,new
C03999,returning
C04000,returning
C04001,new
C04002,returning
C04003,new
C04004,returning
C04005,returning
C04006,returning
C04007,returning
C04008,returning
C04009,returning
C04010,returning
C04011,new
C04012,returning
C04013,new
C04014,returning
C04015,returning
C04016,returning
C04017,returning
C04018,returning
C04019,returning
C04020,returning
C04021,new
C04022,new
C04023,returning
C04024,new
C04025,returning
C04026,new
C04027,returning
C04028,returning
C04029,new
C04030,returning
C04031,returning
C04032,returning
C04033,new
C04034,new
C04035,returning
C04036,returning
C04037,new
C04038,returning
C04039,new
C04040,returning
C04041,new
C04042,returning
C04043,returning
C04044,returning
C04045,new
C04046,returning
C04047,returning
C04048,returning
C04049,returning
C04050,returning
C04051,returning
C04052,returning
C04053,new
C04054,new
C04055,new
C04056,returning
C04057,returning
C04058,returning
C04059,returning
C04060,returning
C04061,returning
C04062,returning
C04063,new
C04064,new
C04065,returning
C04066,new
C04067,returning
C04068,returning
C04069,returning
C04070,new
C04071,returning
C04072,new
C04073,new
C04074,new
C04075,returning
C04076,returning
C04077,new
C04078,new
C04079,new
C04080,new
C04081,returning
C04082,returning
C04083,returning
C04084,returning
C04085,returning
C04086,returning
C04087,returning
C04088,returning
C04089,returning
C04090,returning
C04091,new
C04092,returning
C04093,returning
C04094,new
C04095,new
C04096,returning
C04097,returning
C04098,new
C04099,new
C04100,new
C04101,new
C04102,new
C04103,new
C04104,returning
C04105,returning
C04106,returning
C04107,returning
C04108,returning
C04109,returning
C04110,returning
C04111,new
C04112,new
C04113,new
C04114,returning
C04115,returning
C04116,new
C04117,returning
C04118,new
C04119,returning
C04120,new
C04121,returning
C04122,returning
C04123,new
C04124,returning
C04125,new
C04126,new
C04127,new
C04128,returning
C04129,returning
C04130,returning
C04131,returning
C04132,returning
C04133,returning
C04134,returning
C04135,returning
C04136,returning
C04137,returning
C04138,returning
C04139,returning
C04140,returning
C04141,returning
C04142,returning
C04143,new
C04144,new
C04145,new
C04146,returning
C04147,returning
C04148,returning
C04149,new
C04150,new
C04151,returning
C04152,returning
C04153,new
C04154,returning
C04155,new
C04156,new
C04157,returning
C04158,returning
C04159,new
C04160,returning
C04161,returning
C04162,returning
C04163,returning
C04164,new
C04165,returning
C04166,returning
C04167,returning
C04168,returning
C04169,new
C04170,returning
C04171,returning
C04172,new
C04173,new
C04174,new
C04175,returning
C04176,new
C04177,new
C04178,returning
C04179,returning
C04180,returning
C04181,returning
C04182,returning
C04183,returning
C04184,new
C04185,returning
C04186,returning
C04187,returning
C04188,returning
C04189,returning
C04190,returning
C04191,returning
C04192,returning
C04193,returning
C04194,new
C04195,new
C04196,returning
C04197,new
C04198,returning
C04199,returning
C04200,returning
C04201,returning
C04202,returning
C04203,returning
C04204,new
C04205,returning
C04206,returning
C04207,returning
C04208,returning
C04209,new
C04210,new
C04211,returning
C04212,new
C04213,returning
C04214,new
C04215,returning
C04216,new
C04217,returning
C04218,returning
C04219,returning
C04220,returning
C04221,new
C04222,returning
C04223,returning
C04224,returning
C04225,new
C04226,new
C04227,new
C04228,returning
C04229,new
C04230,new
C04231,new
C04232,new
C04233,returning
C04234,returning
C04235,new
C04236,returning
C04237,new
C04238,returning
C04239,new
C04240,returning
C04241,returning
C04242,returning
C04243,returning
C04244,returning
C04245,returning
C04246,new
C04247,returning
C04248,returning
C04249,returning
C04250,returning
C04251,new
C04252,returning
C04253,returning
C04254,returning
C04255,returning
C04256,new
C04257,returning
C04258,returning
C04259,returning
C04260,new
C04261,new
C04262,new
C04263,returning
C04264,returning
C04265,new
C04266,returning
C04267,returning
C04268,new
C04269,returning
C04270,returning
C04271,returning
C04272,returning
C04273,returning
C04274,returning
C04275,returning
C04276,new
C04277,returning
C04278,new
C04279,new
C04280,returning
C04281,new
C04282,returning
C04283,returning
C04284,returning
C04285,new
C04286,new
C04287,new
C04288,new
C04289,new
C04290,new
C04291,returning
C04292,new
C04293,returning
C04294,returning
C04295,returning
C04296,returning
C04297,returning
C04298,returning
C04299,new
C04300,new
C04301,returning
C04302,returning
C04303,returning
C04304,returning
C04305,new
C04306,new
C04307,new
C04308,new
C04309,returning
C04310,returning
C04311,new
C04312,returning
C04313,returning
C04314,new
C04315,new
C04316,new
C04317,returning
C04318,returning
C04319,new
C04320,new
C04321,new
C04322,returning
C04323,new
C04324,returning
C04325,new
C04326,returning
C04327,returning
C04328,new
C04329,returning
C04330,returning
C04331,returning
C04332,new
C04333,returning
C04334,returning
C04335,returning
C04336,new
C04337,returning
C04338,returning
C04339,returning
C04340,returning
C04341,returning
C04342,returning
C04343,new
C04344,new
C04345,returning
C04346,returning
C04347,returning
C04348,returning
C04349,new
C04350,new
C04351,new
C04352,returning
C04353,returning
C04354,new
C04355,returning
C04356,new
C04357,returning
C04358,returning
C04359,returning
C04360,new
C04361,returning
C04362,new
C04363,new
C04364,new
C04365,returning
C04366,returning
C04367,returning
C04368,returning
C04369,new
C04370,returning
C04371,returning
C04372,returning
C04373,new
C04374,returning
C04375,new
C04376,returning
C04377,returning
C04378,returning
C04379,returning
C04380,new
C04381,returning
C04382,returning
C04383,returning
C04384,returning
C04385,new
C04386,new
C04387,returning
C04388,returning
C04389,new
C04390,returning
C04391,new
C04392,new
C04393,new
C04394,returning
C04395,new
C04396,new
C04397,new
C04398,returning
C04399,returning
C04400,new
C04401,new
C04402,returning
C04403,new
C04404,new
C04405,returning
C04406,returning
C04407,returning
C04408,returning
C04409,new
C04410,returning
C04411,returning
C04412,new
C04413,returning
C04414,new
C04415,returning
C04416,new
C04417,returning
C04418,returning
C04419,returning
C04420,new
C04421,returning
C04422,new
C04423,returning
C04424,returning
C04425,returning
C04426,new
C04427,returning
C04428,returning
C04429,returning
C04430,returning
C04431,returning
C04432,returning
C04433,new
C04434,new
C04435,returning
C04436,new
C04437,returning
C04438,returning
C04439,new
C04440,returning
C04441,new
C04442,returning
C04443,returning
C04444,new
C04445,new
C04446,returning
C04447,new
C04448,new
C04449,new
C04450,new
C04451,returning
C04452,new
C04453,new
C04454,returning
C04455,returning
C04456,returning
C04457,returning
C04458,new
C04459,new
C04460,new
C04461,returning
C04462,returning
C04463,returning
C04464,returning
C04465,new
C04466,returning
C04467,returning
C04468,returning
C04469,new
C04470,new
C04471,returning
C04472,returning
C04473,returning
C04474,returning
C04475,returning
C04476,new
C04477,returning
C04478,returning
C04479,new
C04480,returning
C04481,returning
C04482,returning
C04483,new
C04484,returning
C04485,new
C04486,new
C04487,new
C04488,returning
C04489,new
C04490,returning
C04491,returning
C04492,returning
C04493,new
C04494,new
C04495,new
C04496,new
C04497,returning
C04498,new
C04499,returning
C04500,returning
C04501,new
C04502,new
C04503,returning
C04504,returning
C04505,new
C04506,returning
C04507,returning
C04508,returning
C04509,returning
C04510,returning
C04511,returning
C04512,returning
C04513,returning
C04514,new
C04515,returning
C04516,new
C04517,returning
C04518,new
C04519,returning
C04520,new
C04521,returning
C04522,new
C04523,returning
C04524,new
C04525,returning
C04526,returning
C04527,returning
C04528,returning
C04529,returning
C04530,new
C04531,returning
C04532,returning
C04533,new
C04534,returning
C04535,new
C04536,returning
C04537,returning
C04538,new
C04539,returning
C04540,new
C04541,returning
C04542,returning
C04543,returning
C04544,returning
C04545,returning
C04546,returning
C04547,new
C04548,new
C04549,new
C04550,new
C04551,returning
C04552,returning
C04553,new
C04554,returning
C04555,returning
C04556,new
C04557,returning
C04558,new
C04559,returning
C04560,new
C04561,returning
C04562,returning
C04563,new
C04564,returning
C04565,returning
C04566,returning
C04567,returning
C04568,returning
C04569,new
C04570,new
C04571,returning
C04572,new
C04573,new
C04574,returning
C04575,returning
C04576,returning
C04577,new
C04578,returning
C04579,new
C04580,returning
C04581,returning
C04582,returning
C04583,returning
C04584,returning
C04585,returning
C04586,new
C04587,returning
C04588,returning
C04589,new
C04590,returning
C04591,returning
C04592,returning
C04593,returning
C04594,returning
C04595,returning
C04596,returning
C04597,returning
C04598,new
C04599,new
C04600,new
C04601,returning
C04602,new
C04603,returning
C04604,returning
C04605,new
C04606,returning
C04607,returning
C04608,returning
C04609,new
C04610,new
C04611,returning
C04612,new
C04613,returning
C04614,returning
C04615,new
C04616,returning
C04617,new
C04618,returning
C04619,returning
C04620,returning
C04621,returning
C04622,returning
C04623,new
C04624,returning
C04625,returning
C04626,returning
C04627,returning
C04628,returning
C04629,new
C04630,returning
C04631,returning
C04632,new
C04633,new
C04634,returning
C04635,new
C04636,returning
C04637,returning
C04638,returning
C04639,returning
C04640,new
C04641,returning
C04642,returning
C04643,new
C04644,returning
C04645,returning
C04646,new
C04647,new
C04648,returning
C04649,new
C04650,returning
C04651,new
C04652,new
C04653,returning
C04654,returning
C04655,returning
C04656,returning
C04657,returning
C04658,new
C04659,new
C04660,returning
C04661,new
C04662,new
C04663,returning
C04664,new
C04665,returning
C04666,new
C04667,returning
C04668,returning
C04669,new
C04670,new
C04671,returning
C04672,returning
C04673,returning
C04674,new
C04675,returning
C04676,returning
C04677,new
C04678,new
C04679,returning
C04680,new
C04681,returning
C04682,new
C04683,returning
C04684,returning
C04685,new
C04686,new
C04687,returning
C04688,new
C04689,new
C04690,returning
C04691,returning
C04692,returning
C04693,returning
C04694,new
C04695,new
C04696,returning
C04697,new
C04698,returning
C04699,returning
C04700,returning
C04701,new
C04702,new
C04703,returning
C04704,returning
C04705,returning
C04706,returning
C04707,new
C04708,returning
C04709,new
C04710,returning
C04711,new
C04712,new
C04713,returning
C04714,new
C04715,returning
C04716,new
C04717,returning
C04718,returning
C04719,new
C04720,returning
C04721,new
C04722,returning
C04723,returning
C04724,new
C04725,new
C04726,new
C04727,returning
C04728,returning
C04729,new
C04730,returning
C04731,new
C04732,returning
C04733,new
C04734,returning
C04735,returning
C04736,returning
C04737,new
C04738,returning
C04739,returning
C04740,new
C04741,returning
C04742,returning
C04743,new
C04744,new
C04745,returning
C04746,returning
C04747,new
C04748,returning
C04749,returning
C04750,returning
C04751,new
C04752,new
C04753,returning
C04754,new
C04755,returning
C04756,new
C04757,new
C04758,returning
C04759,returning
C04760,new
C04761,returning
C04762,returning
C04763,returning
C04764,returning
C04765,returning
C04766,returning
C04767,returning
C04768,new
C04769,returning
C04770,new
C04771,new
C04772,returning
C04773,returning
C04774,new
C04775,returning
C04776,returning
C04777,returning
C04778,returning
C04779,new
C04780,new
C04781,new
C04782,returning
C04783,returning
C04784,new
C04785,returning
C04786,new
C04787,new
C04788,returning
C04789,returning
C04790,returning
C04791,new
C04792,returning
C04793,returning
C04794,new
C04795,returning
C04796,returning
C04797,new
C04798,returning
C04799,returning
C04800,new
C04801,returning
C04802,returning
C04803,new
C04804,new
C04805,returning
C04806,returning
C04807,returning
C04808,returning
C04809,returning
C04810,returning
C04811,returning
C04812,returning
C04813,returning
C04814,returning
C04815,new
C04816,returning
C04817,new
C04818,new
C04819,returning
C04820,returning
C04821,new
C04822,returning
C04823,new
C04824,new
C04825,returning
C04826,returning
C04827,returning
C04828,returning
C04829,returning
C04830,returning
C04831,returning
C04832,returning
C04833,returning
C04834,returning
C04835,new
C04836,new
C04837,new
C04838,returning
C04839,new
C04840,new
C04841,returning
C04842,returning
C04843,returning
C04844,returning
C04845,new
C04846,returning
C04847,returning
C04848,returning
C04849,returning
C04850,new
C04851,returning
C04852,new
C04853,returning
C04854,new
C04855,returning
C04856,returning
C04857,new
C04858,returning
C04859,returning
C04860,returning
C04861,returning
C04862,returning
C04863,returning
C04864,returning
C04865,returning
C04866,returning
C04867,new
C04868,returning
C04869,returning
C04870,returning
C04871,returning
C04872,returning
C04873,returning
C04874,returning
C04875,new
C04876,new
C04877,returning
C04878,new
C04879,returning
C04880,returning
C04881,returning
C04882,returning
C04883,new
C04884,returning
C04885,new
C04886,returning
C04887,returning
C04888,returning
C04889,new
C04890,returning
C04891,returning
C04892,returning
C04893,new
C04894,returning
C04895,returning
C04896,new
C04897,returning
C04898,returning
C04899,new
C04900,returning
C04901,new
C04902,returning
C04903,returning
C04904,returning
C04905,returning
C04906,new
C04907,new
C04908,returning
C04909,returning
C04910,returning
C04911,returning
C04912,returning
C04913,returning
C04914,returning
C04915,returning
C04916,returning
C04917,returning
C04918,returning
C04919,returning
C04920,returning
C04921,new
C04922,returning
C04923,new
C04924,returning
C04925,returning
C04926,new
C04927,returning
C04928,returning
C04929,returning
C04930,new
C04931,new
C04932,new
C04933,returning
C04934,new
C04935,returning
C04936,returning
C04937,returning
C04938,new
C04939,returning
C04940,new
C04941,returning
C04942,returning
C04943,returning
C04944,new
C04945,returning
C04946,new
C04947,returning
C04948,returning
C04949,returning
C04950,returning
C04951,new
C04952,new
C04953,returning
C04954,new
C04955,returning
C04956,returning
C04957,returning
C04958,new
C04959,returning
C04960,new
C04961,returning
C04962,new
C04963,returning
C04964,returning
C04965,returning
C04966,returning
C04967,returning
C04968,new
C04969,returning
C04970,returning
C04971,returning
C04972,new
C04973,new
C04974,returning
C04975,returning
C04976,new
C04977,returning
C04978,returning
C04979,new
C04980,new
C04981,returning
C04982,new
C04983,returning
C04984,returning
C04985,returning
C04986,returning
C04987,new
C04988,returning
C04989,returning
C04990,returning
C04991,returning
C04992,returning
C04993,returning
C04994,returning
C04995,new
C04996,returning
C04997,new
C04998,returning
C04999,returning
C05000,returning
C05001,new
C05002,returning
C05003,returning
C05004,returning
C05005,returning
C05006,new
C05007,returning
C05008,returning
C05009,returning
C05010,new
C05011,new
C05012,returning
C05013,new
C05014,returning
C05015,returning
C05016,returning
C05017,returning
C05018,new
C05019,returning
C05020,returning
C05021,new
C05022,new
C05023,new
C05024,returning
C05025,new
C05026,returning
C05027,new
C05028,new
C05029,returning
C05030,new
C05031,returning
C05032,returning
C05033,new
C05034,new
C05035,new
C05036,new
C05037,returning
C05038,returning
C05039,returning
C05040,returning
C05041,returning
C05042,returning
C05043,returning
C05044,returning
C05045,new
C05046,returning
C05047,returning
C05048,returning
C05049,returning
C05050,new
C05051,returning
C05052,new
C05053,returning
C05054,new
C05055,returning
C05056,returning
C05057,returning
C05058,returning
C05059,returning
C05060,new
C05061,new
C05062,returning
C05063,returning
C05064,returning
C05065,returning
C05066,returning
C05067,returning
C05068,returning
C05069,returning
C05070,returning
C05071,new
C05072,new
C05073,returning
C05074,returning
C05075,new
C05076,returning
C05077,returning
C05078,new
C05079,new
C05080,new
C05081,returning
C05082,returning
C05083,returning
C05084,returning
C05085,new
C05086,returning
C05087,returning
C05088,new
C05089,returning
C05090,returning
C05091,returning
C05092,returning
C05093,new
C05094,returning
C05095,returning
C05096,returning
C05097,returning
C05098,new
C05099,returning
C05100,returning
C05101,returning
C05102,returning
C05103,new
C05104,returning
C05105,returning
C05106,returning
C05107,new
C05108,returning
C05109,new
C05110,returning
C05111,returning
C05112,new
C05113,returning
C05114,new
C05115,returning
C05116,new
C05117,new
C05118,new
C05119,new
C05120,returning
C05121,new
C05122,new
C05123,new
C05124,new
C05125,returning
C05126,returning
C05127,new
C05128,returning
C05129,new
C05130,new
C05131,returning
C05132,new
C05133,new
C05134,new
C05135,returning
C05136,new
C05137,returning
C05138,new
C05139,returning
C05140,returning
C05141,new
C05142,new
C05143,returning
C05144,new
C05145,returning
C05146,returning
C05147,returning
C05148,returning
C05149,returning
C05150,new
C05151,returning
C05152,returning
C05153,returning
C05154,returning
C05155,returning
C05156,returning
C05157,returning
C05158,new
C05159,returning
C05160,returning
C05161,returning
C05162,returning
C05163,returning
C05164,returning
C05165,returning
C05166,new
C05167,new
C05168,returning
C05169,returning
C05170,returning
C05171,returning
C05172,returning
C05173,returning
C05174,returning
C05175,returning
C05176,returning
C05177,new
C05178,returning
C05179,returning
C05180,returning
C05181,new
C05182,returning
C05183,returning
C05184,new
C05185,new
C05186,returning
C05187,returning
C05188,new
C05189,returning
C05190,returning
C05191,returning
C05192,returning
C05193,returning
C05194,returning
C05195,returning
C05196,returning
C05197,returning
C05198,new
C05199,returning
C05200,returning
C05201,returning
C05202,returning
C05203,returning
C05204,returning
C05205,new
C05206,returning
C05207,new
C05208,returning
C05209,returning
C05210,returning
C05211,returning
C05212,returning
C05213,returning
C05214,returning
C05215,new
C05216,returning
C05217,new
C05218,new
C05219,returning
C05220,returning
C05221,returning
C05222,returning
C05223,returning
C05224,new
C05225,returning
C05226,returning
C05227,returning
C05228,returning
C05229,new
C05230,new
C05231,new
C05232,returning
C05233,returning
C05234,returning
C05235,new
C05236,returning
C05237,new
C05238,returning
C05239,returning
C05240,new
C05241,returning
C05242,returning
C05243,returning
C05244,new
C05245,new
C05246,new
C05247,returning
C05248,returning
C05249,new
C05250,new
C05251,returning
C05252,returning
C05253,new
C05254,returning
C05255,returning
C05256,returning
C05257,returning
C05258,returning
C05259,new
C05260,returning
C05261,returning
C05262,new
C05263,returning
C05264,returning
C05265,returning
C05266,returning
C05267,returning
C05268,new
C05269,returning
C05270,returning
C05271,returning
C05272,new
C05273,returning
C05274,returning
C05275,new
C05276,new
C05277,new
C05278,returning
C05279,returning
C05280,returning
C05281,returning
C05282,new
C05283,returning
C05284,returning
C05285,returning
C05286,returning
C05287,returning
C05288,returning
C05289,new
C05290,returning
C05291,returning
C05292,returning
C05293,returning
C05294,new
C05295,returning
C05296,returning
C05297,returning
C05298,new
C05299,returning
C05300,returning
C05301,returning
C05302,returning
C05303,returning
C05304,returning
C05305,returning
C05306,new
C05307,returning
C05308,returning
C05309,new
C05310,returning
C05311,returning
C05312,returning
C05313,returning
C05314,returning
C05315,new
C05316,returning
C05317,new
C05318,returning
C05319,returning
C05320,returning
C05321,new
C05322,returning
C05323,returning
C05324,new
C05325,new
C05326,new
C05327,returning
C05328,returning
C05329,returning
C05330,returning
C05331,returning
C05332,returning
C05333,returning
C05334,returning
C05335,new
C05336,new
C05337,returning
C05338,returning
C05339,returning
C05340,returning
C05341,new
C05342,returning
C05343,new
C05344,new
C05345,returning
C05346,returning
C05347,returning
C05348,new
C05349,new
C05350,returning
C05351,returning
C05352,new
C05353,new
C05354,new
C05355,returning
C05356,new
C05357,new
C05358,new
C05359,returning
C05360,new
C05361,returning
C05362,returning
C05363,new
C05364,returning
C05365,returning
C05366,returning
C05367,returning
C05368,new
C05369,new
C05370,new
C05371,returning
C05372,new
C05373,returning
C05374,returning
C05375,returning
C05376,new
C05377,returning
C05378,returning
C05379,new
C05380,returning
C05381,new
C05382,returning
C05383,returning
C05384,new
C05385,new
C05386,returning
C05387,new
C05388,returning
C05389,returning
C05390,returning
C05391,returning
C05392,returning
C05393,returning
C05394,new
C05395,returning
C05396,new
C05397,returning
C05398,returning
C05399,returning
C05400,returning
C05401,returning
C05402,new
C05403,returning
C05404,returning
C05405,returning
C05406,returning
C05407,returning
C05408,returning
C05409,new
C05410,new
C05411,new
C05412,returning
C05413,returning
C05414,returning
C05415,returning
C05416,returning
C05417,returning
C05418,new
C05419,new
C05420,returning
C05421,new
C05422,returning
C05423,returning
C05424,returning
C05425,new
C05426,new
C05427,new
C05428,returning
C05429,new
C05430,new
C05431,new
C05432,new
C05433,new
C05434,returning
C05435,returning
C05436,returning
C05437,returning
C05438,returning
C05439,returning
C05440,new
C05441,returning
C05442,new
C05443,returning
C05444,returning
C05445,returning
C05446,returning
C05447,returning
C05448,returning
C05449,new
C05450,returning
C05451,returning
C05452,returning
C05453,returning
C05454,new
C05455,returning
C05456,returning
C05457,returning
C05458,new
C05459,new
C05460,new
C05461,returning
C05462,returning
C05463,new
C05464,new
C05465,returning
C05466,new
C05467,returning
C05468,returning
C05469,returning
C05470,returning
C05471,new
C05472,returning
C05473,new
C05474,returning
C05475,new
C05476,returning
C05477,returning
C05478,returning
C05479,new
C05480,new
C05481,returning
C05482,new
C05483,returning
C05484,returning
C05485,new
C05486,returning
C05487,returning
C05488,returning
C05489,new
C05490,returning
C05491,returning
C05492,returning
C05493,returning
C05494,returning
C05495,returning
C05496,returning
C05497,returning
C05498,returning
C05499,returning
C05500,returning
C05501,new
C05502,returning
C05503,returning
C05504,returning
C05505,returning
C05506,returning
C05507,returning
C05508,returning
C05509,returning
C05510,returning
C05511,returning
C05512,new
C05513,returning
C05514,returning
C05515,new
C05516,returning
C05517,returning
C05518,returning
C05519,new
C05520,new
C05521,returning
C05522,new
C05523,returning
C05524,returning
C05525,returning
C05526,returning
C05527,new
C05528,returning
C05529,returning
C05530,new
C05531,new
C05532,returning
C05533,returning
C05534,returning
C05535,new
C05536,returning
C05537,new
C05538,returning
C05539,returning
C05540,returning
C05541,returning
C05542,new
C05543,new
C05544,returning
C05545,new
C05546,new
C05547,returning
C05548,returning
C05549,returning
C05550,returning
C05551,returning
C05552,new
C05553,returning
C05554,returning
C05555,new
C05556,new
C05557,returning
C05558,returning
C05559,returning
C05560,new
C05561,returning
C05562,new
C05563,new
C05564,new
C05565,new
C05566,returning
C05567,returning
C05568,new
C05569,returning
C05570,returning
C05571,new
C05572,returning
C05573,returning
C05574,new
C05575,returning
C05576,returning
C05577,returning
C05578,returning
C05579,returning
C05580,new
C05581,returning
C05582,returning
C05583,new
C05584,returning
C05585,returning
C05586,returning
C05587,returning
C05588,new
C05589,new
C05590,new
C05591,returning
C05592,returning
C05593,returning
C05594,returning
C05595,returning
C05596,new
C05597,new
C05598,returning
C05599,returning
C05600,returning
C05601,new
C05602,returning
C05603,new
C05604,new
C05605,new
C05606,returning
C05607,returning
C05608,returning
C05609,returning
C05610,returning
C05611,returning
C05612,new
C05613,returning
C05614,returning
C05615,returning
C05616,returning
C05617,returning
C05618,new
C05619,new
C05620,returning
C05621,returning
C05622,returning
C05623,returning
C05624,new
C05625,new
C05626,new
C05627,new
C05628,returning
C05629,new
C05630,returning
C05631,returning
C05632,returning
C05633,new
C05634,returning
C05635,returning
C05636,new
C05637,new
C05638,returning
C05639,returning
C05640,returning
C05641,returning
C05642,new
C05643,returning
C05644,new
C05645,returning
C05646,new
C05647,returning
C05648,new
C05649,returning
C05650,returning
C05651,new
C05652,returning
C05653,returning
C05654,new
C05655,returning
C05656,returning
C05657,new
C05658,returning
C05659,returning
C05660,returning
C05661,new
C05662,new
C05663,returning
C05664,new
C05665,returning
C05666,new
C05667,new
C05668,returning
C05669,returning
C05670,returning
C05671,new
C05672,returning
C05673,returning
C05674,returning
C05675,new
C05676,returning
C05677,returning
C05678,returning
C05679,new
C05680,returning
C05681,returning
C05682,returning
C05683,new
C05684,new
C05685,returning
C05686,new
C05687,new
C05688,returning
C05689,returning
C05690,new
C05691,new
C05692,returning
C05693,returning
C05694,returning
C05695,returning
C05696,returning
C05697,new
C05698,returning
C05699,returning
C05700,new
C05701,returning
C05702,returning
C05703,returning
C05704,returning
C05705,returning
C05706,new
C05707,returning
C05708,returning
C05709,new
C05710,new
C05711,returning
C05712,returning
C05713,returning
C05714,new
C05715,returning
C05716,new
C05717,returning
C05718,new
C05719,returning
C05720,returning
C05721,new
C05722,returning
C05723,returning
C05724,returning
C05725,returning
C05726,returning
C05727,new
C05728,returning
C05729,new
C05730,returning
C05731,returning
C05732,new
C05733,new
C05734,returning
C05735,new
C05736,returning
C05737,new
C05738,returning
C05739,returning
C05740,returning
C05741,new
C05742,returning
C05743,returning
C05744,returning
C05745,returning
C05746,returning
C05747,returning
C05748,returning
C05749,returning
C05750,returning
C05751,new
C05752,returning
C05753,new
C05754,new
C05755,returning
C05756,new
C05757,returning
C05758,returning
C05759,returning
C05760,returning
C05761,new
C05762,returning
C05763,returning
C05764,new
C05765,returning
C05766,returning
C05767,returning
C05768,new
C05769,returning
C05770,returning
C05771,returning
C05772,new
C05773,returning
C05774,new
C05775,returning
C05776,new
C05777,returning
C05778,new
C05779,new
C05780,returning
C05781,returning
C05782,returning
C05783,returning
C05784,new
C05785,returning
C05786,new
C05787,returning
C05788,new
C05789,returning
C05790,new
C05791,new
C05792,new
C05793,returning
C05794,returning
C05795,new
C05796,returning
C05797,returning
C05798,returning
C05799,new
C05800,returning
C05801,returning
C05802,returning
C05803,returning
C05804,returning
C05805,new
C05806,returning
C05807,returning
C05808,new
C05809,returning
C05810,new
C05811,returning
C05812,new
C05813,new
C05814,returning
C05815,returning
C05816,returning
C05817,returning
C05818,returning
C05819,new
C05820,returning
C05821,returning
C05822,new
C05823,new
C05824,returning
C05825,returning
C05826,new
C05827,new
C05828,returning
C05829,new
C05830,returning
C05831,returning
C05832,returning
C05833,new
C05834,returning
C05835,new
C05836,returning
C05837,returning
C05838,returning
C05839,returning
C05840,new
C05841,new
C05842,returning
C05843,new
C05844,new
C05845,returning
C05846,returning
C05847,returning
C05848,new
C05849,returning
C05850,returning
C05851,new
C05852,returning
C05853,returning
C05854,new
C05855,returning
C05856,returning
C05857,returning
C05858,returning
C05859,new
C05860,new
C05861,new
C05862,new
C05863,new
C05864,new
C05865,new
C05866,returning
C05867,new
C05868,new
C05869,new
C05870,returning
C05871,returning
C05872,new
C05873,new
C05874,returning
C05875,returning
C05876,returning
C05877,new
C05878,returning
C05879,new
C05880,new
C05881,returning
C05882,returning
C05883,new
C05884,returning
C05885,returning
C05886,new
C05887,returning
C05888,returning
C05889,returning
C05890,new
C05891,returning
C05892,returning
C05893,returning
C05894,returning
C05895,returning
C05896,returning
C05897,new
C05898,returning
C05899,new
C05900,returning
C05901,returning
C05902,returning
C05903,new
C05904,new
C05905,returning
C05906,returning
C05907,new
C05908,returning
C05909,new
C05910,new
C05911,returning
C05912,returning
C05913,returning
C05914,new
C05915,returning
C05916,new
C05917,new
C05918,returning
C05919,returning
C05920,returning
C05921,returning
C05922,new
C05923,returning
C05924,returning
C05925,returning
C05926,new
C05927,returning
C05928,returning
C05929,returning
C05930,new
C05931,returning
C05932,returning
C05933,returning
C05934,returning
C05935,new
C05936,returning
C05937,returning
C05938,returning
C05939,returning
C05940,new
C05941,returning
C05942,new
C05943,new
C05944,returning
C05945,returning
C05946,returning
C05947,new
C05948,returning
C05949,returning
C05950,new
C05951,returning
C05952,returning
C05953,returning
C05954,returning
C05955,returning
C05956,returning
C05957,new
C05958,new
C05959,returning
C05960,returning
C05961,new
C05962,returning
C05963,returning
C05964,new
C05965,returning
C05966,returning
C05967,new
C05968,new
C05969,new
C05970,returning
C05971,returning
C05972,returning
C05973,returning
C05974,returning
C05975,returning
C05976,returning
C05977,returning
C05978,new
C05979,new
C05980,new
C05981,returning
C05982,new
C05983,returning
C05984,returning
C05985,returning
C05986,returning
C05987,returning
C05988,returning
C05989,returning
C05990,new
C05991,returning
C05992,returning
C05993,returning
C05994,new
C05995,new
C05996,new
C05997,returning
C05998,new
C05999,new
C06000,new
C06001,returning
C06002,returning
C06003,returning
C06004,new
C06005,returning
C06006,returning
C06007,returning
C06008,returning
C06009,new
C06010,new
C06011,returning
C06012,returning
C06013,returning
C06014,returning
C06015,returning
C06016,new
C06017,returning
C06018,returning
C06019,new
C06020,returning
C06021,returning
C06022,new
C06023,returning
C06024,returning
C06025,returning
C06026,new
C06027,returning
C06028,new
C06029,new
C06030,new
C06031,new
C06032,returning
C06033,returning
C06034,returning
C06035,returning
C06036,returning
C06037,returning
C06038,returning
C06039,new
C06040,returning
C06041,new
C06042,returning
C06043,returning
C06044,returning
C06045,new
C06046,returning
C06047,returning
C06048,returning
C06049,returning
C06050,returning
C06051,new
C06052,returning
C06053,new
C06054,returning
C06055,new
C06056,returning
C06057,new
C06058,new
C06059,new
C06060,new
C06061,new
C06062,returning
C06063,returning
C06064,new
C06065,returning
C06066,returning
C06067,new
C06068,new
C06069,returning
C06070,returning
C06071,new
C06072,new
C06073,new
C06074,new
C06075,returning
C06076,returning
C06077,returning
C06078,returning
C06079,new
C06080,returning
C06081,new
C06082,returning
C06083,new
C06084,returning
C06085,returning
C06086,returning
C06087,new
C06088,new
C06089,returning
C06090,returning
C06091,new
C06092,returning
C06093,new
C06094,returning
C06095,new
C06096,new
C06097,new
C06098,new
C06099,returning
C06100,returning
C06101,returning
C06102,new
C06103,new
C06104,returning
C06105,returning
C06106,returning
C06107,returning
C06108,returning
C06109,returning
C06110,new
C06111,returning
C06112,returning
C06113,new
C06114,new
C06115,new
C06116,returning
C06117,new
C06118,new
C06119,new
C06120,returning
C06121,returning
C06122,returning
C06123,new
C06124,new
C06125,new
C06126,new
C06127,returning
C06128,new
C06129,returning
C06130,returning
C06131,returning
C06132,new
C06133,returning
C06134,new
C06135,new
C06136,returning
C06137,returning
C06138,returning
C06139,new
C06140,returning
C06141,returning
C06142,new
C06143,returning
C06144,returning
C06145,new
C06146,new
C06147,returning
C06148,returning
C06149,new
C06150,returning
C06151,returning
C06152,new
C06153,returning
C06154,new
C06155,returning
C06156,returning
C06157,new
C06158,returning
C06159,returning
C06160,new
C06161,returning
C06162,returning
C06163,new
C06164,returning
C06165,returning
C06166,returning
C06167,returning
C06168,returning
C06169,returning
C06170,returning
C06171,new
C06172,returning
C06173,new
C06174,new
C06175,returning
C06176,returning
C06177,new
C06178,new
C06179,new
C06180,new
C06181,returning
C06182,returning
C06183,returning
C06184,returning
C06185,new
C06186,returning
C06187,new
C06188,new
C06189,returning
C06190,returning
C06191,returning
C06192,new
C06193,returning
C06194,returning
C06195,new
C06196,new
C06197,returning
C06198,returning
C06199,returning
C06200,new
C06201,returning
C06202,returning
C06203,returning
C06204,new
C06205,returning
C06206,returning
C06207,new
C06208,returning
C06209,returning
C06210,new
C06211,returning
C06212,returning
C06213,new
C06214,returning
C06215,returning
C06216,new
C06217,returning
C06218,returning
C06219,returning
C06220,returning
C06221,returning
C06222,returning
C06223,returning
C06224,returning
C06225,returning
C06226,returning
C06227,returning
C06228,returning
C06229,returning
C06230,new
C06231,new
C06232,new
C06233,returning
C06234,new
C06235,returning
C06236,new
C06237,returning
C06238,new
C06239,new
C06240,new
C06241,returning
C06242,returning
C06243,returning
C06244,new
C06245,returning
C06246,returning
C06247,returning
C06248,new
C06249,new
C06250,new
C06251,new
C06252,new
C06253,returning
C06254,returning
C06255,returning
C06256,returning
C06257,new
C06258,returning
C06259,returning
C06260,returning
C06261,returning
C06262,returning
C06263,returning
C06264,returning
C06265,new
C06266,returning
C06267,new
C06268,returning
C06269,returning
C06270,new
C06271,returning
C06272,returning
C06273,returning
C06274,returning
C06275,returning
C06276,returning
C06277,returning
C06278,returning
C06279,new
C06280,new
C06281,returning
C06282,returning
C06283,new
C06284,returning
C06285,new
C06286,returning
C06287,new
C06288,new
C06289,new
C06290,returning
C06291,returning
C06292,new
C06293,returning
C06294,returning
C06295,new
C06296,returning
C06297,returning
C06298,returning
C06299,new
C06300,returning
C06301,returning
C06302,returning
C06303,returning
C06304,new
C06305,new
C06306,returning
C06307,returning
C06308,returning
C06309,new
C06310,returning
C06311,returning
C06312,returning
C06313,returning
C06314,returning
C06315,returning
C06316,returning
C06317,returning
C06318,returning
C06319,returning
C06320,returning
C06321,returning
C06322,new
C06323,new
C06324,returning
C06325,new
C06326,returning
C06327,new
C06328,returning
C06329,new
C06330,new
C06331,returning
C06332,returning
C06333,returning
C06334,new
C06335,returning
C06336,returning
C06337,new
C06338,new
C06339,new
C06340,returning
C06341,returning
C06342,returning
C06343,returning
C06344,returning
C06345,new
C06346,new
C06347,new
C06348,new
C06349,returning
C06350,returning
C06351,new
C06352,returning
C06353,returning
C06354,returning
C06355,new
C06356,returning
C06357,new
C06358,returning
C06359,returning
C06360,returning
C06361,returning
C06362,returning
C06363,returning
C06364,new
C06365,returning
C06366,returning
C06367,new
C06368,new
C06369,returning
C06370,returning
C06371,returning
C06372,returning
C06373,returning
C06374,returning
C06375,new
C06376,returning
C06377,new
C06378,new
C06379,returning
C06380,new
C06381,returning
C06382,returning
C06383,returning
C06384,new
C06385,returning
C06386,new
C06387,new
C06388,returning
C06389,returning
C06390,new
C06391,returning
C06392,returning
C06393,returning
C06394,returning
C06395,new
C06396,returning
C06397,returning
C06398,returning
C06399,returning
C06400,returning
C06401,returning
C06402,returning
C06403,returning
C06404,new
C06405,returning
C06406,returning
C06407,returning
C06408,returning
C06409,returning
C06410,returning
C06411,returning
C06412,new
C06413,returning
C06414,new
C06415,returning
C06416,returning
C06417,returning
C06418,new
C06419,returning
C06420,returning
C06421,returning
C06422,returning
C06423,returning
C06424,returning
C06425,new
C06426,new
C06427,returning
C06428,new
C06429,new
C06430,returning
C06431,returning
C06432,returning
C06433,returning
C06434,returning
C06435,returning
C06436,new
C06437,returning
C06438,returning
C06439,returning
C06440,returning
C06441,returning
C06442,returning
C06443,returning
C06444,returning
C06445,returning
C06446,returning
C06447,returning
C06448,returning
C06449,returning
C06450,returning
C06451,returning
C06452,returning
C06453,returning
C06454,new
C06455,new
C06456,returning
C06457,returning
C06458,returning
C06459,new
C06460,returning
C06461,returning
C06462,new
C06463,new
C06464,new
C06465,returning
C06466,returning
C06467,returning
C06468,returning
C06469,returning
C06470,returning
C06471,returning
C06472,new
C06473,returning
C06474,returning
C06475,new
C06476,returning
C06477,returning
C06478,returning
C06479,new
C06480,returning
C06481,new
C06482,returning
C06483,returning
C06484,returning
C06485,new
C06486,returning
C06487,returning
C06488,returning
C06489,returning
C06490,returning
C06491,returning
C06492,new
C06493,returning
C06494,new
C06495,returning
C06496,returning
C06497,new
C06498,new
C06499,returning
C06500,returning
C06501,new
C06502,returning
C06503,returning
C06504,returning
C06505,returning
C06506,returning
C06507,new
C06508,returning
C06509,new
C06510,returning
C06511,returning
C06512,new
C06513,returning
C06514,new
C06515,returning
C06516,returning
C06517,returning
C06518,new
C06519,returning
C06520,returning
C06521,returning
C06522,new
C06523,new
C06524,new
C06525,returning
C06526,returning
C06527,returning
C06528,returning
C06529,returning
C06530,new
C06531,new
C06532,new
C06533,returning
C06534,returning
C06535,returning
C06536,returning
C06537,returning
C06538,new
C06539,new
C06540,new
C06541,new
C06542,new
C06543,returning
C06544,returning
C06545,returning
C06546,returning
C06547,returning
C06548,returning
C06549,new
C06550,new
C06551,returning
C06552,new
C06553,returning
C06554,returning
C06555,returning
C06556,returning
C06557,returning
C06558,new
C06559,returning
C06560,returning
C06561,returning
C06562,new
C06563,new
C06564,returning
C06565,new
C06566,new
C06567,new
C06568,new
C06569,returning
C06570,returning
C06571,returning
C06572,returning
C06573,new
C06574,returning
C06575,returning
C06576,returning
C06577,new
C06578,new
C06579,returning
C06580,new
C06581,returning
C06582,returning
C06583,new
C06584,returning
C06585,returning
C06586,returning
C06587,new
C06588,new
C06589,new
C06590,new
C06591,new
C06592,returning
C06593,returning
C06594,returning
C06595,returning
C06596,new
C06597,returning
C06598,returning
C06599,returning
C06600,returning
C06601,returning
C06602,returning
C06603,new
C06604,new
C06605,returning
C06606,new
C06607,new
C06608,returning
C06609,new
C06610,returning
C06611,returning
C06612,returning
C06613,returning
C06614,returning
C06615,returning
C06616,returning
C06617,new
C06618,returning
C06619,returning
C06620,returning
C06621,new
C06622,returning
C06623,returning
C06624,returning
C06625,returning
C06626,returning
C06627,returning
C06628,new
C06629,new
C06630,returning
C06631,returning
C06632,returning
C06633,returning
C06634,returning
C06635,new
C06636,returning
C06637,returning
C06638,returning
C06639,new
C06640,returning
C06641,returning
C06642,returning
C06643,returning
C06644,new
C06645,new
C06646,returning
C06647,new
C06648,new
C06649,new
C06650,returning
C06651,returning
C06652,returning
C06653,new
C06654,returning
C06655,returning
C06656,new
C06657,returning
C06658,new
C06659,returning
C06660,new
C06661,returning
C06662,returning
C06663,new
C06664,returning
C06665,returning
C06666,returning
C06667,new
C06668,returning
C06669,new
C06670,returning
C06671,returning
C06672,returning
C06673,returning
C06674,returning
C06675,returning
C06676,returning
C06677,returning
C06678,returning
C06679,returning
C06680,returning
C06681,returning
C06682,returning
C06683,new
C06684,new
C06685,returning
C06686,new
C06687,returning
C06688,new
C06689,returning
C06690,returning
C06691,returning
C06692,new
C06693,returning
C06694,returning
C06695,returning
C06696,new
C06697,new
C06698,returning
C06699,returning
C06700,returning
C06701,new
C06702,new
C06703,new
C06704,new
C06705,new
C06706,returning
C06707,new
C06708,returning
C06709,returning
C06710,new
C06711,new
C06712,new
C06713,returning
C06714,new
C06715,returning
C06716,new
C06717,new
C06718,returning
C06719,new
C06720,returning
C06721,new
C06722,returning
C06723,returning
C06724,returning
C06725,returning
C06726,new
C06727,returning
C06728,returning
C06729,new
C06730,new
C06731,returning
C06732,returning
C06733,returning
C06734,new
C06735,returning
C06736,new
C06737,new
C06738,new
C06739,returning
C06740,returning
C06741,returning
C06742,returning
C06743,returning
C06744,returning
C06745,returning
C06746,returning
C06747,returning
C06748,returning
C06749,returning
C06750,returning
C06751,new
C06752,new
C06753,new
C06754,new
C06755,new
C06756,returning
C06757,returning
C06758,new
C06759,returning
C06760,returning
C06761,returning
C06762,returning
C06763,returning
C06764,new
C06765,new
C06766,returning
C06767,returning
C06768,new
C06769,new
C06770,new
C06771,returning
C06772,returning
C06773,returning
C06774,returning
C06775,returning
C06776,new
C06777,returning
C06778,returning
C06779,new
C06780,new
C06781,returning
C06782,returning
C06783,returning
C06784,returning
C06785,returning
C06786,returning
C06787,returning
C06788,new
C06789,returning
C06790,returning
C06791,returning
C06792,returning
C06793,returning
C06794,returning
C06795,returning
C06796,returning
C06797,returning
C06798,returning
C06799,new
C06800,new
C06801,returning
C06802,returning
C06803,returning
C06804,returning
C06805,returning
C06806,new
C06807,returning
C06808,new
C06809,new
C06810,new
C06811,new
C06812,new
C06813,new
C06814,returning
C06815,new
C06816,returning
C06817,returning
C06818,returning
C06819,new
C06820,new
C06821,returning
C06822,returning
C06823,returning
C06824,returning
C06825,returning
C06826,returning
C06827,returning
C06828,returning
C06829,returning
C06830,new
C06831,returning
C06832,returning
C06833,new
C06834,new
C06835,returning
C06836,new
C06837,returning
C06838,returning
C06839,new
C06840,new
C06841,new
C06842,new
C06843,returning
C06844,returning
C06845,new
C06846,returning
C06847,returning
C06848,new
C06849,new
C06850,returning
C06851,returning
C06852,new
C06853,new
C06854,new
C06855,new
C06856,returning
C06857,new
C06858,returning
C06859,new
C06860,new
C06861,returning
C06862,returning
C06863,returning
C06864,returning
C06865,returning
C06866,returning
C06867,returning
C06868,returning
C06869,new
C06870,new
C06871,returning
C06872,returning
C06873,returning
C06874,returning
C06875,new
C06876,new
C06877,returning
C06878,returning
C06879,returning
C06880,new
C06881,new
C06882,returning
C06883,returning
C06884,returning
C06885,new
C06886,returning
C06887,new
C06888,new
C06889,returning
C06890,returning
C06891,returning
C06892,returning
C06893,new
C06894,returning
C06895,new
C06896,returning
C06897,new
C06898,returning
C06899,returning
C06900,returning
C06901,returning
C06902,new
C06903,returning
C06904,returning
C06905,new
C06906,returning
C06907,returning
C06908,returning
C06909,returning
C06910,returning
C06911,returning
C06912,returning
C06913,new
C06914,new
C06915,new
C06916,returning
C06917,returning
C06918,new
C06919,new
C06920,returning
C06921,new
C06922,new
C06923,returning
C06924,returning
C06925,returning
C06926,returning
C06927,new
C06928,returning
C06929,returning
C06930,returning
C06931,returning
C06932,new
C06933,returning
C06934,returning
C06935,returning
C06936,new
C06937,returning
C06938,returning
C06939,new
C06940,new
C06941,returning
C06942,returning
C06943,returning
C06944,returning
C06945,new
C06946,returning
C06947,returning
C06948,returning
C06949,returning
C06950,returning
C06951,returning
C06952,returning
C06953,new
C06954,new
C06955,new
C06956,new
C06957,returning
C06958,returning
C06959,new
C06960,returning
C06961,new
C06962,new
C06963,returning
C06964,returning
C06965,returning
C06966,new
C06967,new
C06968,returning
C06969,returning
C06970,new
C06971,returning
C06972,returning
C06973,returning
C06974,new
C06975,new
C06976,returning
C06977,returning
C06978,returning
C06979,new
C06980,returning
C06981,new
C06982,new
C06983,returning
C06984,returning
C06985,returning
C06986,returning
C06987,returning
C06988,returning
C06989,returning
C06990,returning
C06991,returning
C06992,returning
C06993,returning
C06994,new
C06995,returning
C06996,returning
C06997,returning
C06998,returning
C06999,returning
C07000,new
C07001,new
C07002,returning
C07003,returning
C07004,returning
C07005,new
C07006,returning
C07007,returning
C07008,new
C07009,new
C07010,returning
C07011,returning
C07012,returning
C07013,returning
C07014,returning
C07015,returning
C07016,returning
C07017,returning
C07018,new
C07019,returning
C07020,returning
C07021,returning
C07022,returning
C07023,returning
C07024,returning
C07025,returning
C07026,new
C07027,new
C07028,returning
C07029,new
C07030,returning
C07031,returning
C07032,new
C07033,new
C07034,returning
C07035,returning
C07036,returning
C07037,returning
C07038,returning
C07039,returning
C07040,returning
C07041,new
C07042,returning
C07043,new
C07044,new
C07045,returning
C07046,returning
C07047,new
C07048,returning
C07049,returning
C07050,new
C07051,returning
C07052,new
C07053,returning
C07054,returning
C07055,new
C07056,returning
C07057,returning
C07058,new
C07059,new
C07060,returning
C07061,returning
C07062,returning
C07063,returning
C07064,returning
C07065,returning
C07066,returning
C07067,returning
C07068,returning
C07069,returning
C07070,returning
C07071,returning
C07072,returning
C07073,returning
C07074,returning
C07075,new
C07076,returning
C07077,returning
C07078,returning
C07079,new
C07080,returning
C07081,returning
C07082,returning
C07083,returning
C07084,returning
C07085,returning
C07086,returning
C07087,returning
C07088,returning
C07089,returning
C07090,returning
C07091,returning
C07092,new
C07093,returning
C07094,new
C07095,returning
C07096,returning
C07097,new
C07098,returning
C07099,new
C07100,returning
C07101,returning
C07102,new
C07103,returning
C07104,new
C07105,new
C07106,returning
C07107,new
C07108,returning
C07109,returning
C07110,returning
C07111,returning
C07112,returning
C07113,returning
C07114,new
C07115,returning
C07116,new
C07117,returning
C07118,returning
C07119,returning
C07120,new
C07121,new
C07122,new
C07123,new
C07124,new
C07125,new
C07126,new
C07127,new
C07128,new
C07129,returning
C07130,new
C07131,returning
C07132,new
C07133,new
C07134,new
C07135,returning
C07136,new
C07137,returning
C07138,new
C07139,returning
C07140,returning
C07141,new
C07142,new
C07143,returning
C07144,returning
C07145,returning
C07146,returning
C07147,returning
C07148,new
C07149,new
C07150,returning
C07151,returning
C07152,returning
C07153,returning
C07154,new
C07155,returning
C07156,new
C07157,returning
C07158,returning
C07159,new
C07160,returning
C07161,returning
C07162,new
C07163,returning
C07164,new
C07165,returning
C07166,new
C07167,returning
C07168,returning
C07169,returning
C07170,returning
C07171,returning
C07172,returning
C07173,returning
C07174,returning
C07175,new
C07176,returning
C07177,returning
C07178,new
C07179,returning
C07180,new
C07181,returning
C07182,returning
C07183,returning
C07184,returning
C07185,returning
C07186,returning
C07187,returning
C07188,returning
C07189,returning
C07190,new
C07191,returning
C07192,returning
C07193,new
C07194,returning
C07195,new
C07196,new
C07197,returning
C07198,new
C07199,returning
C07200,returning
C07201,returning
C07202,new
C07203,returning
C07204,new
C07205,new
C07206,returning
C07207,returning
C07208,new
C07209,returning
C07210,new
C07211,returning
C07212,returning
C07213,new
C07214,returning
C07215,returning
C07216,new
C07217,returning
C07218,returning
C07219,returning
C07220,returning
C07221,returning
C07222,returning
C07223,returning
C07224,returning
C07225,returning
C07226,returning
C07227,new
C07228,new
C07229,returning
C07230,returning
C07231,returning
C07232,returning
C07233,returning
C07234,returning
C07235,returning
C07236,new
C07237,returning
C07238,returning
C07239,new
C07240,returning
C07241,returning
C07242,returning
C07243,new
C07244,new
C07245,new
C07246,returning
C07247,returning
C07248,new
C07249,returning
C07250,new
C07251,returning
C07252,new
C07253,returning
C07254,returning
C07255,new
C07256,returning
C07257,returning
C07258,new
C07259,new
C07260,returning
C07261,returning
C07262,returning
C07263,returning
C07264,returning
C07265,returning
C07266,returning
C07267,returning
C07268,returning
C07269,returning
C07270,new
C07271,new
C07272,new
C07273,new
C07274,returning
C07275,new
C07276,returning
C07277,returning
C07278,new
C07279,returning
C07280,returning
C07281,returning
C07282,returning
C07283,new
C07284,returning
C07285,returning
C07286,returning
C07287,returning
C07288,returning
C07289,new
C07290,returning
C07291,returning
C07292,returning
C07293,new
C07294,returning
C07295,returning
C07296,returning
C07297,returning
C07298,returning
C07299,new
C07300,new
C07301,returning
C07302,returning
C07303,new
C07304,new
C07305,new
C07306,returning
C07307,new
C07308,returning
C07309,returning
C07310,returning
C07311,new
C07312,new
C07313,new
C07314,new
C07315,returning
C07316,new
C07317,returning
C07318,returning
C07319,returning
C07320,returning
C07321,new
C07322,new
C07323,new
C07324,new
C07325,new
C07326,new
C07327,new
C07328,returning
C07329,returning
C07330,returning
C07331,returning
C07332,returning
C07333,returning
C07334,returning
C07335,new
C07336,new
C07337,new
C07338,new
C07339,returning
C07340,new
C07341,new
C07342,returning
C07343,returning
C07344,new
C07345,returning
C07346,new
C07347,returning
C07348,returning
C07349,new
C07350,returning
C07351,new
C07352,returning
C07353,new
C07354,returning
C07355,returning
C07356,new
C07357,returning
C07358,returning
C07359,returning
C07360,returning
C07361,new
C07362,returning
C07363,returning
C07364,returning
C07365,new
C07366,new
C07367,new
C07368,returning
C07369,new
C07370,returning
C07371,new
C07372,returning
C07373,returning
C07374,new
C07375,returning
C07376,returning
C07377,returning
C07378,new
C07379,returning
C07380,new
C07381,new
C07382,returning
C07383,returning
C07384,returning
C07385,new
C07386,returning
C07387,returning
C07388,new
C07389,new
C07390,new
C07391,returning
C07392,new
C07393,returning
C07394,returning
C07395,new
C07396,returning
C07397,returning
C07398,returning
C07399,returning
C07400,new
C07401,new
C07402,returning
C07403,returning
C07404,new
C07405,returning
C07406,returning
C07407,returning
C07408,returning
C07409,new
C07410,returning
C07411,returning
C07412,returning
C07413,returning
C07414,new
C07415,returning
C07416,returning
C07417,new
C07418,new
C07419,new
C07420,new
C07421,new
C07422,returning
C07423,new
C07424,returning
C07425,returning
C07426,new
C07427,returning
C07428,new
C07429,new
C07430,returning
C07431,returning
C07432,new
C07433,new
C07434,new
C07435,new
C07436,new
C07437,returning
C07438,returning
C07439,new
C07440,new
C07441,new
C07442,new
C07443,returning
C07444,returning
C07445,new
C07446,returning
C07447,new
C07448,new
C07449,returning
C07450,returning
C07451,new
C07452,returning
C07453,returning
C07454,returning
C07455,new
C07456,returning
C07457,new
C07458,new
C07459,returning
C07460,returning
C07461,returning
C07462,returning
C07463,returning
C07464,returning
C07465,returning
C07466,new
C07467,new
C07468,returning
C07469,returning
C07470,new
C07471,returning
C07472,returning
C07473,returning
C07474,returning
C07475,new
C07476,new
C07477,returning
C07478,new
C07479,returning
C07480,returning
C07481,new
C07482,new
C07483,returning
C07484,returning
C07485,returning
C07486,returning
C07487,returning
C07488,new
C07489,new
C07490,returning
C07491,returning
C07492,new
C07493,returning
C07494,returning
C07495,returning
C07496,returning
C07497,returning
C07498,returning
C07499,new
C07500,returning
C07501,returning
C07502,returning
C07503,returning
C07504,new
C07505,returning
C07506,returning
C07507,returning
C07508,new
C07509,new
C07510,new
C07511,returning
C07512,returning
C07513,new
C07514,returning
C07515,returning
C07516,returning
C07517,returning
C07518,returning
C07519,new
C07520,new
C07521,returning
C07522,returning
C07523,returning
C07524,returning
C07525,returning
C07526,returning
C07527,returning
C07528,returning
C07529,returning
C07530,new
C07531,returning
C07532,new
C07533,new
C07534,returning
C07535,returning
C07536,new
C07537,returning
C07538,returning
C07539,returning
C07540,returning
C07541,returning
C07542,new
C07543,new
C07544,new
C07545,new
C07546,new
C07547,new
C07548,new
C07549,returning
C07550,returning
C07551,new
C07552,returning
C07553,returning
C07554,returning
C07555,returning
C07556,returning
C07557,returning
C07558,new
C07559,new
C07560,returning
C07561,returning
C07562,returning
C07563,returning
C07564,returning
C07565,returning
C07566,returning
C07567,returning
C07568,returning
C07569,new
C07570,returning
C07571,new
C07572,returning
C07573,returning
C07574,returning
C07575,returning
C07576,returning
C07577,returning
C07578,returning
C07579,returning
C07580,new
C07581,new
C07582,returning
C07583,returning
C07584,new
C07585,returning
C07586,returning
C07587,returning
C07588,returning
C07589,new
C07590,returning
C07591,new
C07592,returning
C07593,returning
C07594,new
C07595,returning
C07596,returning
C07597,returning
C07598,returning
C07599,returning
C07600,new
C07601,new
C07602,returning
C07603,returning
C07604,new
C07605,returning
C07606,new
C07607,returning
C07608,returning
C07609,returning
C07610,returning
C07611,returning
C07612,new
C07613,returning
C07614,returning
C07615,new
C07616,new
C07617,returning
C07618,returning
C07619,returning
C07620,new
C07621,new
C07622,returning
C07623,new
C07624,returning
C07625,returning
C07626,new
C07627,new
C07628,returning
C07629,new
C07630,new
C07631,returning
C07632,new
C07633,new
C07634,returning
C07635,new
C07636,returning
C07637,returning
C07638,new
C07639,new
C07640,returning
C07641,returning
C07642,new
C07643,returning
C07644,returning
C07645,new
C07646,new
C07647,returning
C07648,returning
C07649,returning
C07650,returning
C07651,returning
C07652,returning
C07653,returning
C07654,returning
C07655,new
C07656,new
C07657,new
C07658,new
C07659,returning
C07660,returning
C07661,returning
C07662,returning
C07663,returning
C07664,returning
C07665,returning
C07666,returning
C07667,new
C07668,returning
C07669,returning
C07670,returning
C07671,returning
C07672,new
C07673,returning
C07674,returning
C07675,new
C07676,new
C07677,returning
C07678,returning
C07679,returning
C07680,returning
C07681,new
C07682,returning
C07683,returning
C07684,returning
C07685,new
C07686,returning
C07687,new
C07688,returning
C07689,new
C07690,returning
C07691,returning
C07692,returning
C07693,new
C07694,returning
C07695,returning
C07696,returning
C07697,returning
C07698,new
C07699,new
C07700,returning
C07701,new
C07702,returning
C07703,new
C07704,returning
C07705,returning
C07706,new
C07707,returning
C07708,returning
C07709,returning
C07710,returning
C07711,returning
C07712,returning
C07713,new
C07714,new
C07715,returning
C07716,new
C07717,returning
C07718,returning
C07719,new
C07720,returning
C07721,new
C07722,returning
C07723,new
C07724,returning
C07725,returning
C07726,new
C07727,new
C07728,new
C07729,new
C07730,returning
C07731,returning
C07732,new
C07733,returning
C07734,returning
C07735,new
C07736,returning
C07737,new
C07738,new
C07739,returning
C07740,new
C07741,returning
C07742,returning
C07743,returning
C07744,returning
C07745,returning
C07746,returning
C07747,returning
C07748,new
C07749,new
C07750,new
C07751,returning
C07752,returning
C07753,returning
C07754,returning
C07755,new
C07756,new
C07757,returning
C07758,returning
C07759,new
C07760,new
C07761,returning
C07762,new
C07763,returning
C07764,returning
C07765,returning
C07766,new
C07767,new
C07768,returning
C07769,new
C07770,new
C07771,returning
C07772,new
C07773,new
C07774,returning
C07775,returning
C07776,new
C07777,new
C07778,returning
C07779,new
C07780,returning
C07781,new
C07782,returning
C07783,returning
C07784,new
C07785,returning
C07786,returning
C07787,returning
C07788,new
C07789,new
C07790,new
C07791,returning
C07792,returning
C07793,new
C07794,returning
C07795,returning
C07796,returning
C07797,new
C07798,returning
C07799,returning
C07800,returning
C07801,returning
C07802,returning
C07803,returning
C07804,returning
C07805,new
C07806,returning
C07807,returning
C07808,new
C07809,returning
C07810,returning
C07811,new
C07812,returning
C07813,returning
C07814,returning
C07815,returning
C07816,new
C07817,returning
C07818,returning
C07819,new
C07820,returning
C07821,returning
C07822,new
C07823,returning
C07824,returning
C07825,returning
C07826,new
C07827,returning
C07828,new
C07829,new
C07830,new
C07831,new
C07832,returning
C07833,returning
C07834,returning
C07835,returning
C07836,new
C07837,new
C07838,returning
C07839,returning
C07840,returning
C07841,returning
C07842,returning
C07843,new
C07844,new
C07845,returning
C07846,new
C07847,new
C07848,returning
C07849,returning
C07850,returning
C07851,new
C07852,returning
C07853,returning
C07854,returning
C07855,returning
C07856,new
C07857,returning
C07858,new
C07859,returning
C07860,new
C07861,new
C07862,returning
C07863,new
C07864,new
C07865,new
C07866,returning
C07867,returning
C07868,returning
C07869,new
C07870,new
C07871,returning
C07872,new
C07873,returning
C07874,new
C07875,new
C07876,new
C07877,new
C07878,returning
C07879,returning
C07880,new
C07881,returning
C07882,new
C07883,returning
C07884,returning
C07885,new
C07886,returning
C07887,returning
C07888,returning
C07889,returning
C07890,returning
C07891,returning
C07892,new
C07893,returning
C07894,returning
C07895,returning
C07896,returning
C07897,returning
C07898,new
C07899,returning
C07900,new
C07901,returning
C07902,returning
C07903,returning
C07904,returning
C07905,new
C07906,new
C07907,returning
C07908,new
C07909,new
C07910,new
C07911,returning
C07912,returning
C07913,returning
C07914,returning
C07915,returning
C07916,returning
C07917,returning
C07918,returning
C07919,returning
C07920,returning
C07921,returning
C07922,new
C07923,returning
C07924,returning
C07925,returning
C07926,new
C07927,returning
C07928,new
C07929,returning
C07930,returning
C07931,returning
C07932,returning
C07933,returning
C07934,returning
C07935,returning
C07936,returning
C07937,returning
C07938,new
C07939,new
C07940,returning
C07941,returning
C07942,returning
C07943,returning
C07944,returning
C07945,new
C07946,returning
C07947,returning
C07948,new
C07949,returning
C07950,returning
C07951,returning
C07952,new
C07953,returning
C07954,returning
C07955,returning
C07956,returning
C07957,returning
C07958,returning
C07959,returning
C07960,new
C07961,returning
C07962,returning
C07963,new
C07964,new
C07965,returning
C07966,returning
C07967,returning
C07968,new
C07969,returning
C07970,returning
C07971,returning
C07972,new
C07973,returning
C07974,returning
C07975,new
C07976,new
C07977,returning
C07978,returning
C07979,returning
C07980,new
C07981,returning
C07982,returning
C07983,new
C07984,new
C07985,returning
C07986,returning
C07987,returning
C07988,returning
C07989,new
C07990,returning
C07991,returning
C07992,new
C07993,new
C07994,returning
C07995,returning
C07996,returning
C07997,new
C07998,new
C07999,new
C08000,returning
C08001,new
C08002,returning
C08003,returning
C08004,returning
C08005,returning
C08006,returning
C08007,new
C08008,new
C08009,returning
C08010,new
C08011,new
C08012,returning
C08013,returning
C08014,returning
C08015,new
C08016,new
C08017,returning
C08018,new
C08019,returning
C08020,returning
C08021,new
C08022,returning
C08023,new
C08024,returning
C08025,returning
C08026,returning
C08027,returning
C08028,returning
C08029,new
C08030,returning
C08031,returning
C08032,returning
C08033,returning
C08034,returning
C08035,returning
C08036,returning
C08037,returning
C08038,new
C08039,returning
C08040,new
C08041,new
C08042,returning
C08043,returning
C08044,returning
C08045,returning
C08046,new
C08047,returning
C08048,returning
C08049,new
C08050,returning
C08051,returning
C08052,returning
C08053,returning
C08054,returning
C08055,returning
C08056,returning
C08057,new
C08058,returning
C08059,returning
C08060,returning
C08061,new
C08062,returning
C08063,new
C08064,returning
C08065,new
C08066,returning
C08067,returning
C08068,returning
C08069,returning
C08070,new
C08071,returning
C08072,returning
C08073,returning
C08074,returning
C08075,returning
C08076,returning
C08077,returning
C08078,new
C08079,new
C08080,new
C08081,returning
C08082,returning
C08083,returning
C08084,returning
C08085,new
C08086,returning
C08087,new
C08088,returning
C08089,returning
C08090,returning
C08091,new
C08092,returning
C08093,new
C08094,returning
C08095,new
C08096,new
C08097,returning
C08098,returning
C08099,new
C08100,returning
C08101,returning
C08102,new
C08103,returning
C08104,returning
C08105,returning
C08106,new
C08107,new
C08108,returning
C08109,returning
C08110,new
C08111,new
C08112,returning
C08113,returning
C08114,new
C08115,returning
C08116,returning
C08117,returning
C08118,returning
C08119,returning
C08120,returning
C08121,returning
C08122,returning
C08123,returning
C08124,returning
C08125,returning
C08126,returning
C08127,returning
C08128,returning
C08129,new
C08130,new
C08131,new
C08132,new
C08133,returning
C08134,returning
C08135,returning
C08136,new
C08137,returning
C08138,returning
C08139,returning
C08140,returning
C08141,new
C08142,new
C08143,returning
C08144,returning
C08145,returning
C08146,new
C08147,returning
C08148,returning
C08149,returning
C08150,returning
C08151,returning
C08152,new
C08153,returning
C08154,returning
C08155,returning
C08156,new
C08157,returning
C08158,returning
C08159,returning
C08160,returning
C08161,returning
C08162,new
C08163,returning
C08164,returning
C08165,returning
C08166,returning
C08167,new
C08168,returning
C08169,new
C08170,returning
C08171,returning
C08172,returning
C08173,returning
C08174,returning
C08175,returning
C08176,returning
C08177,returning
C08178,new
C08179,returning
C08180,new
C08181,returning
C08182,returning
C08183,returning
C08184,new
C08185,returning
C08186,new
C08187,returning
C08188,returning
C08189,returning
C08190,returning
C08191,returning
C08192,returning
C08193,returning
C08194,new
C08195,returning
C08196,returning
C08197,returning
C08198,returning
C08199,returning
C08200,new
C08201,returning
C08202,new
C08203,returning
C08204,returning
C08205,new
C08206,returning
C08207,returning
C08208,returning
C08209,returning
C08210,returning
C08211,returning
C08212,new
C08213,new
C08214,returning
C08215,new
C08216,new
C08217,new
C08218,returning
C08219,returning
C08220,new
C08221,returning
C08222,returning
C08223,returning
C08224,returning
C08225,new
C08226,returning
C08227,returning
C08228,returning
C08229,returning
C08230,new
C08231,returning
C08232,new
C08233,new
C08234,returning
C08235,returning
C08236,returning
C08237,returning
C08238,returning
C08239,returning
C08240,new
C08241,new
C08242,returning
C08243,returning
C08244,returning
C08245,returning
C08246,returning
C08247,returning
C08248,returning
C08249,returning
C08250,returning
C08251,returning
C08252,returning
C08253,new
C08254,returning
C08255,returning
C08256,new
C08257,new
C08258,returning
C08259,returning
C08260,returning
C08261,new
C08262,returning
C08263,returning
C08264,new
C08265,returning
C08266,returning
C08267,new
C08268,returning
C08269,returning
C08270,returning
C08271,returning
C08272,new
C08273,new
C08274,returning
C08275,returning
C08276,new
C08277,returning
C08278,new
C08279,returning
C08280,returning
C08281,returning
C08282,returning
C08283,returning
C08284,returning
C08285,returning
C08286,returning
C08287,new
C08288,returning
C08289,returning
C08290,returning
C08291,new
C08292,returning
C08293,new
C08294,returning
C08295,returning
C08296,new
C08297,new
C08298,new
C08299,new
C08300,returning
C08301,returning
C08302,new
C08303,returning
C08304,returning
C08305,returning
C08306,returning
C08307,returning
C08308,returning
C08309,new
C08310,new
C08311,returning
C08312,returning
C08313,returning
C08314,returning
C08315,returning
C08316,returning
C08317,returning
C08318,returning
C08319,returning
C08320,returning
C08321,returning
C08322,new
C08323,new
C08324,returning
C08325,new
C08326,new
C08327,new
C08328,returning
C08329,returning
C08330,returning
C08331,new
C08332,returning
C08333,new
C08334,returning
C08335,new
C08336,new
C08337,returning
C08338,returning
C08339,returning
C08340,new
C08341,new
C08342,returning
C08343,returning
C08344,returning
C08345,new
C08346,returning
C08347,returning
C08348,returning
C08349,new
C08350,returning
C08351,returning
C08352,returning
C08353,returning
C08354,returning
C08355,new
C08356,returning
C08357,returning
C08358,new
C08359,returning
C08360,new
C08361,new
C08362,new
C08363,returning
C08364,new
C08365,returning
C08366,returning
C08367,new
C08368,new
C08369,returning
C08370,new
C08371,new
C08372,returning
C08373,returning
C08374,returning
C08375,new
C08376,returning
C08377,new
C08378,returning
C08379,new
C08380,returning
C08381,returning
C08382,returning
C08383,returning
C08384,returning
C08385,returning
C08386,returning
C08387,returning
C08388,new
C08389,returning
C08390,returning
C08391,new
C08392,returning
C08393,returning
C08394,returning
C08395,returning
C08396,returning
C08397,returning
C08398,new
C08399,new
C08400,returning
C08401,new
C08402,new
C08403,returning
C08404,returning
C08405,new
C08406,returning
C08407,returning
C08408,returning
C08409,new
C08410,returning
C08411,returning
C08412,new
C08413,returning
C08414,returning
C08415,returning
C08416,new
C08417,returning
C08418,returning
C08419,returning
C08420,returning
C08421,new
C08422,returning
C08423,returning
C08424,returning
C08425,new
C08426,new
C08427,new
C08428,returning
C08429,returning
C08430,new
C08431,new
C08432,returning
C08433,returning
C08434,returning
C08435,returning
C08436,returning
C08437,returning
C08438,returning
C08439,returning
C08440,returning
C08441,returning
C08442,returning
C08443,returning
C08444,returning
C08445,returning
C08446,returning
C08447,returning
C08448,returning
C08449,returning
C08450,returning
C08451,returning
C08452,new
C08453,returning
C08454,returning
C08455,returning
C08456,returning
C08457,returning
C08458,returning
C08459,returning
C08460,returning
C08461,returning
C08462,returning
C08463,returning
C08464,new
C08465,new
C08466,returning
C08467,returning
C08468,returning
C08469,returning
C08470,returning
C08471,returning
C08472,new
C08473,returning
C08474,new
C08475,returning
C08476,returning
C08477,new
C08478,new
C08479,new
C08480,new
C08481,returning
C08482,returning
C08483,new
C08484,new
C08485,returning
C08486,returning
C08487,returning
C08488,new
C08489,returning
C08490,returning
C08491,returning
C08492,returning
C08493,returning
C08494,new
C08495,returning
C08496,new
C08497,returning
C08498,new
C08499,returning
C08500,new
C08501,returning
C08502,new
C08503,returning
C08504,new
C08505,new
C08506,returning
C08507,new
C08508,returning
C08509,new
C08510,returning
C08511,new
C08512,returning
C08513,new
C08514,returning
C08515,new
C08516,returning
C08517,returning
C08518,new
C08519,returning
C08520,returning
C08521,returning
C08522,returning
C08523,new
C08524,new
C08525,new
C08526,returning
C08527,returning
C08528,returning
C08529,new
C08530,new
C08531,returning
C08532,returning
C08533,new
C08534,returning
C08535,returning
C08536,returning
C08537,returning
C08538,new
C08539,returning
C08540,returning
C08541,returning
C08542,returning
C08543,returning
C08544,returning
C08545,new
C08546,new
C08547,new
C08548,new
C08549,returning
C08550,returning
C08551,new
C08552,returning
C08553,new
C08554,returning
C08555,returning
C08556,returning
C08557,new
C08558,returning
C08559,returning
C08560,new
C08561,new
C08562,returning
C08563,new
C08564,returning
C08565,returning
C08566,returning
C08567,new
C08568,returning
C08569,new
C08570,returning
C08571,returning
C08572,returning
C08573,returning
C08574,new
C08575,returning
C08576,returning
C08577,returning
C08578,new
C08579,new
C08580,new
C08581,returning
C08582,returning
C08583,returning
C08584,returning
C08585,new
C08586,new
C08587,returning
C08588,new
C08589,returning
C08590,new
C08591,new
C08592,returning
C08593,returning
C08594,returning
C08595,new
C08596,new
C08597,new
C08598,returning
C08599,returning
C08600,new
C08601,new
C08602,new
C08603,new
C08604,returning
C08605,new
C08606,returning
C08607,returning
C08608,new
C08609,new
C08610,returning
C08611,returning
C08612,new
C08613,new
C08614,new
C08615,returning
C08616,returning
C08617,new
C08618,returning
C08619,returning
C08620,returning
C08621,returning
C08622,returning
C08623,returning
C08624,new
C08625,returning
C08626,returning
C08627,new
C08628,returning
C08629,new
C08630,returning
C08631,returning
C08632,returning
C08633,new
C08634,returning
C08635,returning
C08636,new
C08637,returning
C08638,new
C08639,returning
C08640,returning
C08641,new
C08642,returning
C08643,new
C08644,new
C08645,returning
C08646,new
C08647,returning
C08648,returning
C08649,returning
C08650,returning
C08651,returning
C08652,returning
C08653,returning
C08654,returning
C08655,new
C08656,returning
C08657,returning
C08658,returning
C08659,new
C08660,returning
C08661,returning
C08662,new
C08663,new
C08664,returning
C08665,returning
C08666,returning
C08667,returning
C08668,returning
C08669,returning
C08670,returning
C08671,returning
C08672,new
C08673,returning
C08674,returning
C08675,returning
C08676,returning
C08677,new
C08678,new
C08679,new
C08680,new
C08681,returning
C08682,returning
C08683,returning
C08684,returning
C08685,returning
C08686,returning
C08687,new
C08688,new
C08689,returning
C08690,returning
C08691,new
C08692,new
C08693,new
C08694,new
C08695,new
C08696,returning
C08697,returning
C08698,new
C08699,returning
C08700,returning
C08701,new
C08702,returning
C08703,returning
C08704,new
C08705,new
C08706,returning
C08707,returning
C08708,new
C08709,returning
C08710,returning
C08711,returning
C08712,returning
C08713,returning
C08714,new
C08715,new
C08716,returning
C08717,returning
C08718,new
C08719,returning
C08720,new
C08721,returning
C08722,returning
C08723,returning
C08724,returning
C08725,returning
C08726,new
C08727,returning
C08728,returning
C08729,returning
C08730,returning
C08731,returning
C08732,returning
C08733,returning
C08734,new
C08735,new
C08736,returning
C08737,returning
C08738,returning
C08739,new
C08740,new
C08741,returning
C08742,returning
C08743,returning
C08744,new
C08745,new
C08746,new
C08747,returning
C08748,new
C08749,returning
C08750,returning
C08751,returning
C08752,new
C08753,new
C08754,new
C08755,returning
C08756,returning
C08757,new
C08758,new
C08759,new
C08760,returning
C08761,returning
C08762,new
C08763,returning
C08764,returning
C08765,returning
C08766,returning
C08767,returning
C08768,new
C08769,returning
C08770,returning
C08771,returning
C08772,new
C08773,new
C08774,new
C08775,new
C08776,returning
C08777,new
C08778,returning
C08779,returning
C08780,new
C08781,returning
C08782,new
C08783,returning
C08784,new
C08785,returning
C08786,returning
C08787,returning
C08788,new
C08789,new
C08790,new
C08791,new
C08792,returning
C08793,returning
C08794,new
C08795,returning
C08796,new
C08797,new
C08798,returning
C08799,returning
C08800,new
C08801,returning
C08802,new
C08803,returning
C08804,new
C08805,returning
C08806,new
C08807,returning
C08808,returning
C08809,returning
C08810,returning
C08811,new
C08812,new
C08813,new
C08814,new
C08815,returning
C08816,returning
C08817,returning
C08818,new
C08819,returning
C08820,returning
C08821,returning
C08822,returning
C08823,new
C08824,returning
C08825,returning
C08826,returning
C08827,new
C08828,returning
C08829,new
C08830,returning
C08831,new
C08832,new
C08833,returning
C08834,returning
C08835,returning
C08836,returning
C08837,returning
C08838,new
C08839,new
C08840,returning
C08841,new
C08842,returning
C08843,new
C08844,returning
C08845,returning
C08846,returning
C08847,returning
C08848,new
C08849,returning
C08850,returning
C08851,new
C08852,new
C08853,returning
C08854,new
C08855,returning
C08856,new
C08857,returning
C08858,returning
C08859,returning
C08860,returning
C08861,new
C08862,returning
C08863,returning
C08864,new
C08865,returning
C08866,returning
C08867,returning
C08868,returning
C08869,returning
C08870,returning
C08871,returning
C08872,returning
C08873,returning
C08874,returning
C08875,returning
C08876,returning
C08877,new
C08878,new
C08879,returning
C08880,new
C08881,returning
C08882,returning
C08883,returning
C08884,new
C08885,new
C08886,returning
C08887,returning
C08888,returning
C08889,new
C08890,new
C08891,returning
C08892,returning
C08893,returning
C08894,new
C08895,returning
C08896,new
C08897,new
C08898,returning
C08899,returning
C08900,returning
C08901,new
C08902,returning
C08903,returning
C08904,returning
C08905,returning
C08906,new
C08907,returning
C08908,returning
C08909,new
C08910,returning
C08911,new
C08912,new
C08913,returning
C08914,returning
C08915,new
C08916,new
C08917,returning
C08918,returning
C08919,returning
C08920,new
C08921,returning
C08922,new
C08923,returning
C08924,returning
C08925,new
C08926,new
C08927,returning
C08928,new
C08929,returning
C08930,returning
C08931,new
C08932,returning
C08933,returning
C08934,returning
C08935,returning
C08936,returning
C08937,returning
C08938,returning
C08939,returning
C08940,returning
C08941,new
C08942,returning
C08943,returning
C08944,returning
C08945,new
C08946,new
C08947,returning
C08948,new
C08949,new
C08950,returning
C08951,returning
C08952,returning
C08953,returning
C08954,returning
C08955,new
C08956,returning
C08957,returning
C08958,new
C08959,returning
C08960,returning
C08961,new
C08962,new
C08963,new
C08964,returning
C08965,returning
C08966,new
C08967,new
C08968,returning
C08969,new
C08970,returning
C08971,returning
C08972,new
C08973,returning
C08974,returning
C08975,new
C08976,new
C08977,returning
C08978,returning
C08979,returning
C08980,returning
C08981,new
C08982,new
C08983,returning
C08984,new
C08985,returning
C08986,new
C08987,returning
C08988,new
C08989,returning
C08990,returning
C08991,returning
C08992,returning
C08993,new
C08994,returning
C08995,returning
C08996,new
C08997,returning
C08998,new
C08999,returning
C09000,returning
C09001,returning
C09002,returning
C09003,new
C09004,new
C09005,returning
C09006,returning
C09007,new
C09008,returning
C09009,returning
C09010,returning
C09011,returning
C09012,returning
C09013,new
C09014,returning
C09015,returning
C09016,returning
C09017,returning
C09018,returning
C09019,new
C09020,returning
C09021,new
C09022,returning
C09023,returning
C09024,returning
C09025,returning
C09026,returning
C09027,returning
C09028,new
C09029,returning
C09030,new
C09031,new
C09032,returning
C09033,returning
C09034,returning
C09035,new
C09036,returning
C09037,returning
C09038,returning
C09039,returning
C09040,new
C09041,new
C09042,new
C09043,returning
C09044,new
C09045,new
C09046,returning
C09047,new
C09048,new
C09049,returning
C09050,new
C09051,returning
C09052,new
C09053,returning
C09054,returning
C09055,new
C09056,new
C09057,returning
C09058,new
C09059,returning
C09060,returning
C09061,returning
C09062,returning
C09063,new
C09064,returning
C09065,returning
C09066,returning
C09067,returning
C09068,returning
C09069,returning
C09070,new
C09071,returning
C09072,returning
C09073,returning
C09074,returning
C09075,returning
C09076,new
C09077,returning
C09078,new
C09079,returning
C09080,new
C09081,new
C09082,returning
C09083,new
C09084,returning
C09085,returning
C09086,new
C09087,returning
C09088,returning
C09089,returning
C09090,returning
C09091,new
C09092,returning
C09093,returning
C09094,returning
C09095,returning
C09096,new
C09097,new
C09098,new
C09099,returning
C09100,returning
C09101,returning
C09102,returning
C09103,new
C09104,new
C09105,new
C09106,returning
C09107,returning
C09108,new
C09109,new
C09110,returning
C09111,returning
C09112,returning
C09113,returning
C09114,returning
C09115,returning
C09116,new
C09117,returning
C09118,returning
C09119,returning
C09120,new
C09121,returning
C09122,new
C09123,new
C09124,returning
C09125,new
C09126,returning
C09127,returning
C09128,returning
C09129,returning
C09130,new
C09131,returning
C09132,new
C09133,returning
C09134,new
C09135,returning
C09136,new
C09137,new
C09138,returning
C09139,returning
C09140,returning
C09141,new
C09142,returning
C09143,returning
C09144,returning
C09145,returning
C09146,new
C09147,returning
C09148,returning
C09149,new
C09150,returning
C09151,returning
C09152,new
C09153,returning
C09154,returning
C09155,returning
C09156,returning
C09157,new
C09158,new
C09159,returning
C09160,new
C09161,returning
C09162,new
C09163,returning
C09164,returning
C09165,returning
C09166,new
C09167,returning
C09168,returning
C09169,new
C09170,returning
C09171,returning
C09172,new
C09173,new
C09174,returning
C09175,returning
C09176,returning
C09177,new
C09178,returning
C09179,new
C09180,returning
C09181,returning
C09182,returning
C09183,new
C09184,returning
C09185,new
C09186,returning
C09187,returning
C09188,returning
C09189,returning
C09190,returning
C09191,returning
C09192,returning
C09193,returning
C09194,returning
C09195,returning
C09196,returning
C09197,new
C09198,new
C09199,returning
C09200,new
C09201,returning
C09202,returning
C09203,returning
C09204,returning
C09205,returning
C09206,returning
C09207,new
C09208,returning
C09209,returning
C09210,returning
C09211,returning
C09212,returning
C09213,new
C09214,returning
C09215,returning
C09216,returning
C09217,returning
C09218,returning
C09219,returning
C09220,new
C09221,returning
C09222,returning
C09223,new
C09224,new
C09225,returning
C09226,new
C09227,returning
C09228,returning
C09229,new
C09230,returning
C09231,new
C09232,returning
C09233,returning
C09234,returning
C09235,returning
C09236,returning
C09237,returning
C09238,new
C09239,returning
C09240,new
C09241,new
C09242,returning
C09243,new
C09244,returning
C09245,returning
C09246,returning
C09247,new
C09248,returning
C09249,returning
C09250,new
C09251,new
C09252,returning
C09253,returning
C09254,returning
C09255,returning
C09256,new
C09257,returning
C09258,returning
C09259,new
C09260,returning
C09261,new
C09262,returning
C09263,returning
C09264,returning
C09265,returning
C09266,new
C09267,returning
C09268,returning
C09269,new
C09270,returning
C09271,returning
C09272,returning
C09273,new
C09274,returning
C09275,returning
C09276,returning
C09277,returning
C09278,returning
C09279,returning
C09280,new
C09281,returning
C09282,returning
C09283,new
C09284,new
C09285,returning
C09286,returning
C09287,returning
C09288,new
C09289,returning
C09290,returning
C09291,new
C09292,returning
C09293,returning
C09294,new
C09295,returning
C09296,returning
C09297,returning
C09298,new
C09299,returning
C09300,new
C09301,returning
C09302,new
C09303,returning
C09304,returning
C09305,returning
C09306,returning
C09307,new
C09308,returning
C09309,returning
C09310,returning
C09311,returning
C09312,new
C09313,returning
C09314,returning
C09315,new
C09316,new
C09317,returning
C09318,new
C09319,returning
C09320,returning
C09321,returning
C09322,returning
C09323,returning
C09324,new
C09325,new
C09326,returning
C09327,new
C09328,returning
C09329,returning
C09330,new
C09331,returning
C09332,returning
C09333,new
C09334,new
C09335,new
C09336,returning
C09337,returning
C09338,new
C09339,returning
C09340,returning
C09341,returning
C09342,returning
C09343,returning
C09344,new
C09345,returning
C09346,returning
C09347,new
C09348,new
C09349,new
C09350,returning
C09351,new
C09352,returning
C09353,new
C09354,new
C09355,new
C09356,new
C09357,returning
C09358,returning
C09359,new
C09360,returning
C09361,returning
C09362,new
C09363,returning
C09364,new
C09365,returning
C09366,returning
C09367,returning
C09368,returning
C09369,new
C09370,new
C09371,returning
C09372,returning
C09373,new
C09374,returning
C09375,returning
C09376,returning
C09377,new
C09378,returning
C09379,returning
C09380,returning
C09381,returning
C09382,returning
C09383,returning
C09384,returning
C09385,returning
C09386,returning
C09387,returning
C09388,returning
C09389,returning
C09390,returning
C09391,new
C09392,new
C09393,new
C09394,returning
C09395,returning
C09396,new
C09397,returning
C09398,returning
C09399,returning
C09400,returning
C09401,new
C09402,new
C09403,new
C09404,returning
C09405,returning
C09406,new
C09407,returning
C09408,returning
C09409,returning
C09410,new
C09411,new
C09412,new
C09413,new
C09414,returning
C09415,returning
C09416,returning
C09417,returning
C09418,returning
C09419,returning
C09420,returning
C09421,new
C09422,new
C09423,returning
C09424,returning
C09425,returning
C09426,new
C09427,returning
C09428,returning
C09429,returning
C09430,new
C09431,new
C09432,new
C09433,returning
C09434,returning
C09435,returning
C09436,returning
C09437,new
C09438,new
C09439,new
C09440,returning
C09441,returning
C09442,new
C09443,returning
C09444,returning
C09445,returning
C09446,returning
C09447,new
C09448,returning
C09449,returning
C09450,returning
C09451,returning
C09452,new
C09453,returning
C09454,new
C09455,new
C09456,returning
C09457,returning
C09458,new
C09459,returning
C09460,returning
C09461,returning
C09462,new
C09463,returning
C09464,returning
C09465,returning
C09466,returning
C09467,returning
C09468,returning
C09469,new
C09470,returning
C09471,returning
C09472,new
C09473,new
C09474,new
C09475,new
C09476,new
C09477,returning
C09478,returning
C09479,new
C09480,new
C09481,returning
C09482,returning
C09483,returning
C09484,returning
C09485,returning
C09486,returning
C09487,new
C09488,returning
C09489,new
C09490,returning
C09491,new
C09492,new
C09493,returning
C09494,returning
C09495,new
C09496,new
C09497,new
C09498,returning
C09499,new
C09500,returning
C09501,returning
C09502,returning
C09503,returning
C09504,returning
C09505,returning
C09506,new
C09507,returning
C09508,returning
C09509,returning
C09510,returning
C09511,new
C09512,returning
C09513,new
C09514,new
C09515,new
C09516,new
C09517,returning
C09518,returning
C09519,returning
C09520,returning
C09521,new
C09522,new
C09523,returning
C09524,new
C09525,new
C09526,new
C09527,returning
C09528,new
C09529,new
C09530,new
C09531,returning
C09532,returning
C09533,returning
C09534,returning
C09535,new
C09536,returning
C09537,new
C09538,returning
C09539,returning
C09540,new
C09541,returning
C09542,returning
C09543,returning
C09544,returning
C09545,returning
C09546,new
C09547,new
C09548,new
C09549,new
C09550,returning
C09551,returning
C09552,new
C09553,returning
C09554,returning
C09555,new
C09556,returning
C09557,new
C09558,new
C09559,returning
C09560,returning
C09561,new
C09562,returning
C09563,new
C09564,returning
C09565,new
C09566,returning
C09567,returning
C09568,new
C09569,new
C09570,new
C09571,returning
C09572,returning
C09573,returning
C09574,new
C09575,returning
C09576,returning
C09577,returning
C09578,returning
C09579,returning
C09580,returning
C09581,returning
C09582,returning
C09583,new
C09584,new
C09585,new
C09586,new
C09587,new
C09588,new
C09589,new
C09590,returning
C09591,returning
C09592,returning
C09593,new
C09594,returning
C09595,returning
C09596,new
C09597,new
C09598,returning
C09599,new
C09600,new
C09601,returning
C09602,returning
C09603,new
C09604,returning
C09605,returning
C09606,returning
C09607,new
C09608,returning
C09609,new
C09610,new
C09611,new
C09612,new
C09613,returning
C09614,new
C09615,new
C09616,returning
C09617,new
C09618,new
C09619,new
C09620,new
C09621,returning
C09622,returning
C09623,returning
C09624,returning
C09625,returning
C09626,returning
C09627,new
C09628,new
C09629,returning
C09630,returning
C09631,returning
C09632,returning
C09633,returning
C09634,new
C09635,new
C09636,new
C09637,new
C09638,returning
C09639,returning
C09640,returning
C09641,returning
C09642,new
C09643,returning
C09644,returning
C09645,new
C09646,returning
C09647,returning
C09648,returning
C09649,returning
C09650,returning
C09651,returning
C09652,returning
C09653,new
C09654,returning
C09655,returning
C09656,new
C09657,returning
C09658,returning
C09659,returning
C09660,new
C09661,returning
C09662,new
C09663,returning
C09664,returning
C09665,returning
C09666,returning
C09667,new
C09668,returning
C09669,returning
C09670,returning
C09671,returning
C09672,returning
C09673,returning
C09674,returning
C09675,returning
C09676,returning
C09677,new
C09678,returning
C09679,returning
C09680,returning
C09681,returning
C09682,returning
C09683,new
C09684,new
C09685,returning
C09686,new
C09687,returning
C09688,returning
C09689,returning
C09690,returning
C09691,returning
C09692,new
C09693,returning
C09694,returning
C09695,returning
C09696,returning
C09697,new
C09698,returning
C09699,returning
C09700,returning
C09701,new
C09702,new
C09703,returning
C09704,new
C09705,new
C09706,new
C09707,returning
C09708,new
C09709,new
C09710,returning
C09711,returning
C09712,new
C09713,new
C09714,returning
C09715,new
C09716,returning
C09717,returning
C09718,returning
C09719,new
C09720,new
C09721,new
C09722,returning
C09723,new
C09724,returning
C09725,new
C09726,new
C09727,returning
C09728,returning
C09729,returning
C09730,returning
C09731,returning
C09732,returning
C09733,new
C09734,new
C09735,new
C09736,new
C09737,returning
C09738,returning
C09739,new
C09740,returning
C09741,returning
C09742,new
C09743,new
C09744,returning
C09745,new
C09746,new
C09747,returning
C09748,returning
C09749,returning
C09750,returning
C09751,returning
C09752,returning
C09753,new
C09754,returning
C09755,new
C09756,returning
C09757,returning
C09758,returning
C09759,returning
C09760,returning
C09761,returning
C09762,new
C09763,returning
C09764,returning
C09765,returning
C09766,returning
C09767,returning
C09768,new
C09769,new
C09770,returning
C09771,new
C09772,returning
C09773,returning
C09774,new
C09775,returning
C09776,returning
C09777,returning
C09778,new
C09779,returning
C09780,returning
C09781,returning
C09782,new
C09783,new
C09784,returning
C09785,returning
C09786,new
C09787,new
C09788,new
C09789,returning
C09790,new
C09791,new
C09792,returning
C09793,returning
C09794,returning
C09795,new
C09796,new
C09797,new
C09798,returning
C09799,returning
C09800,new
C09801,returning
C09802,returning
C09803,new
C09804,new
C09805,returning
C09806,new
C09807,returning
C09808,returning
C09809,new
C09810,new
C09811,returning
C09812,new
C09813,new
C09814,new
C09815,returning
C09816,returning
C09817,returning
C09818,new
C09819,new
C09820,returning
C09821,returning
C09822,returning
C09823,returning
C09824,returning
C09825,returning
C09826,returning
C09827,returning
C09828,returning
C09829,returning
C09830,returning
C09831,new
C09832,returning
C09833,returning
C09834,new
C09835,returning
C09836,returning
C09837,returning
C09838,new
C09839,returning
C09840,returning
C09841,returning
C09842,returning
C09843,returning
C09844,returning
C09845,new
C09846,returning
C09847,returning
C09848,new
C09849,returning
C09850,returning
C09851,new
C09852,new
C09853,returning
C09854,returning
C09855,returning
C09856,new
C09857,returning
C09858,returning
C09859,returning
C09860,returning
C09861,new
C09862,returning
C09863,returning
C09864,returning
C09865,returning
C09866,new
C09867,returning
C09868,returning
C09869,new
C09870,returning
C09871,returning
C09872,returning
C09873,new
C09874,returning
C09875,returning
C09876,new
C09877,returning
C09878,new
C09879,returning
C09880,returning
C09881,returning
C09882,returning
C09883,returning
C09884,returning
C09885,returning
C09886,returning
C09887,returning
C09888,returning
C09889,new
C09890,new
C09891,returning
C09892,new
C09893,returning
C09894,returning
C09895,new
C09896,returning
C09897,new
C09898,new
C09899,new
C09900,returning
C09901,returning
C09902,returning
C09903,returning
C09904,returning
C09905,returning
C09906,new
C09907,returning
C09908,new
C09909,returning
C09910,returning
C09911,returning
C09912,new
C09913,returning
C09914,new
C09915,returning
C09916,new
C09917,returning
C09918,returning
C09919,returning
C09920,returning
C09921,new
C09922,returning
C09923,returning
C09924,returning
C09925,returning
C09926,new
C09927,new
C09928,returning
C09929,new
C09930,new
C09931,new
C09932,returning
C09933,returning
C09934,new
C09935,returning
C09936,returning
C09937,returning
C09938,new
C09939,returning
C09940,returning
C09941,returning
C09942,returning
C09943,returning
C09944,new
C09945,new
C09946,returning
C09947,returning
C09948,returning
C09949,returning
C09950,returning
C09951,returning
C09952,returning
C09953,returning
C09954,returning
C09955,returning
C09956,new
C09957,new
C09958,returning
C09959,returning
C09960,new
C09961,new
C09962,returning
C09963,new
C09964,new
C09965,new
C09966,returning
C09967,new
C09968,new
C09969,returning
C09970,returning
C09971,new
C09972,returning
C09973,new
C09974,returning
C09975,returning
C09976,new
C09977,returning
C09978,returning
C09979,returning
C09980,returning
C09981,returning
C09982,new
C09983,returning
C09984,new
C09985,returning
C09986,returning
C09987,new
C09988,new
C09989,new
C09990,new
C09991,new
C09992,returning
C09993,new
C09994,returning
C09995,returning
C09996,returning
C09997,returning
C09998,returning
C09999,new
C10000,new
